<?xml version="1.0" encoding="utf-8"?>
<annotation>
<folder>images</folder>
<filename>2e82d1bd-rock_58.jpg</filename>
<source>
<database>MyDatabase</database>
<annotation>COCO2017</annotation>
<image>flickr</image>
<flickrid>NULL</flickrid>
<annotator>1</annotator>
</source>
<owner>
<flickrid>NULL</flickrid>
<name>Label Studio</name>
</owner>
<size>
<width>1200</width>
<height>750</height>
<depth>3</depth>
</size>
<segmented>0</segmented>
<object>
<name>rock</name>
<pose>Unspecified</pose>
<truncated>0</truncated>
<difficult>0</difficult>
<bndbox>
<xmin>163</xmin>
<ymin>546</ymin>
<xmax>568</xmax>
<ymax>587</ymax>
</bndbox>
</object>
<object>
<name>rock</name>
<pose>Unspecified</pose>
<truncated>0</truncated>
<difficult>0</difficult>
<bndbox>
<xmin>166</xmin>
<ymin>503</ymin>
<xmax>326</xmax>
<ymax>540</ymax>
</bndbox>
</object>
<object>
<name>rock</name>
<pose>Unspecified</pose>
<truncated>0</truncated>
<difficult>0</difficult>
<bndbox>
<xmin>100</xmin>
<ymin>525</ymin>
<xmax>154</xmax>
<ymax>569</ymax>
</bndbox>
</object>
<object>
<name>rock</name>
<pose>Unspecified</pose>
<truncated>0</truncated>
<difficult>0</difficult>
<bndbox>
<xmin>249</xmin>
<ymin>600</ymin>
<xmax>298</xmax>
<ymax>628</ymax>
</bndbox>
</object>
<object>
<name>rock</name>
<pose>Unspecified</pose>
<truncated>0</truncated>
<difficult>0</difficult>
<bndbox>
<xmin>464</xmin>
<ymin>601</ymin>
<xmax>510</xmax>
<ymax>633</ymax>
</bndbox>
</object>
<object>
<name>rock</name>
<pose>Unspecified</pose>
<truncated>0</truncated>
<difficult>0</difficult>
<bndbox>
<xmin>431</xmin>
<ymin>499</ymin>
<xmax>548</xmax>
<ymax>540</ymax>
</bndbox>
</object>
<object>
<name>rock</name>
<pose>Unspecified</pose>
<truncated>0</truncated>
<difficult>0</difficult>
<bndbox>
<xmin>573</xmin>
<ymin>529</ymin>
<xmax>610</xmax>
<ymax>578</ymax>
</bndbox>
</object>
<object>
<name>dirt</name>
<pose>Unspecified</pose>
<truncated>0</truncated>
<difficult>0</difficult>
<bndbox>
<xmin>32</xmin>
<ymin>684</ymin>
<xmax>271</xmax>
<ymax>745</ymax>
</bndbox>
</object>
<object>
<name>dirt</name>
<pose>Unspecified</pose>
<truncated>0</truncated>
<difficult>0</difficult>
<bndbox>
<xmin>203</xmin>
<ymin>633</ymin>
<xmax>237</xmax>
<ymax>678</ymax>
</bndbox>
</object>
<object>
<name>dirt</name>
<pose>Unspecified</pose>
<truncated>0</truncated>
<difficult>0</difficult>
<bndbox>
<xmin>285</xmin>
<ymin>709</ymin>
<xmax>965</xmax>
<ymax>735</ymax>
</bndbox>
</object>
<object>
<name>dirt</name>
<pose>Unspecified</pose>
<truncated>0</truncated>
<difficult>0</difficult>
<bndbox>
<xmin>490</xmin>
<ymin>673</ymin>
<xmax>1023</xmax>
<ymax>702</ymax>
</bndbox>
</object>
<object>
<name>dirt</name>
<pose>Unspecified</pose>
<truncated>0</truncated>
<difficult>0</difficult>
<bndbox>
<xmin>879</xmin>
<ymin>569</ymin>
<xmax>1010</xmax>
<ymax>657</ymax>
</bndbox>
</object>
<object>
<name>dirt</name>
<pose>Unspecified</pose>
<truncated>0</truncated>
<difficult>0</difficult>
<bndbox>
<xmin>745</xmin>
<ymin>622</ymin>
<xmax>877</xmax>
<ymax>663</ymax>
</bndbox>
</object>
<object>
<name>dirt</name>
<pose>Unspecified</pose>
<truncated>0</truncated>
<difficult>0</difficult>
<bndbox>
<xmin>863</xmin>
<ymin>534</ymin>
<xmax>905</xmax>
<ymax>563</ymax>
</bndbox>
</object>
<object>
<name>dirt</name>
<pose>Unspecified</pose>
<truncated>0</truncated>
<difficult>0</difficult>
<bndbox>
<xmin>79</xmin>
<ymin>480</ymin>
<xmax>123</xmax>
<ymax>502</ymax>
</bndbox>
</object>
<object>
<name>dirt</name>
<pose>Unspecified</pose>
<truncated>0</truncated>
<difficult>0</difficult>
<bndbox>
<xmin>188</xmin>
<ymin>373</ymin>
<xmax>237</xmax>
<ymax>474</ymax>
</bndbox>
</object>
<object>
<name>dirt</name>
<pose>Unspecified</pose>
<truncated>0</truncated>
<difficult>0</difficult>
<bndbox>
<xmin>80</xmin>
<ymin>370</ymin>
<xmax>181</xmax>
<ymax>403</ymax>
</bndbox>
</object>
<object>
<name>dirt</name>
<pose>Unspecified</pose>
<truncated>0</truncated>
<difficult>0</difficult>
<bndbox>
<xmin>251</xmin>
<ymin>373</ymin>
<xmax>334</xmax>
<ymax>391</ymax>
</bndbox>
</object>
<object>
<name>dirt</name>
<pose>Unspecified</pose>
<truncated>0</truncated>
<difficult>0</difficult>
<bndbox>
<xmin>508</xmin>
<ymin>462</ymin>
<xmax>593</xmax>
<ymax>494</ymax>
</bndbox>
</object>
<object>
<name>dirt</name>
<pose>Unspecified</pose>
<truncated>0</truncated>
<difficult>0</difficult>
<bndbox>
<xmin>629</xmin>
<ymin>520</ymin>
<xmax>673</xmax>
<ymax>560</ymax>
</bndbox>
</object>
<object>
<name>grass</name>
<pose>Unspecified</pose>
<truncated>0</truncated>
<difficult>0</difficult>
<bndbox>
<xmin>762</xmin>
<ymin>302</ymin>
<xmax>1179</xmax>
<ymax>437</ymax>
</bndbox>
</object>
<object>
<name>grass</name>
<pose>Unspecified</pose>
<truncated>0</truncated>
<difficult>0</difficult>
<bndbox>
<xmin>676</xmin>
<ymin>305</ymin>
<xmax>755</xmax>
<ymax>381</ymax>
</bndbox>
</object>
<object>
<name>grass</name>
<pose>Unspecified</pose>
<truncated>0</truncated>
<difficult>0</difficult>
<bndbox>
<xmin>812</xmin>
<ymin>282</ymin>
<xmax>1124</xmax>
<ymax>300</ymax>
</bndbox>
</object>
<object>
<name>grass</name>
<pose>Unspecified</pose>
<truncated>0</truncated>
<difficult>0</difficult>
<bndbox>
<xmin>887</xmin>
<ymin>447</ymin>
<xmax>1187</xmax>
<ymax>509</ymax>
</bndbox>
</object>
<object>
<name>grass</name>
<pose>Unspecified</pose>
<truncated>0</truncated>
<difficult>0</difficult>
<bndbox>
<xmin>1087</xmin>
<ymin>531</ymin>
<xmax>1192</xmax>
<ymax>741</ymax>
</bndbox>
</object>
<object>
<name>grass</name>
<pose>Unspecified</pose>
<truncated>0</truncated>
<difficult>0</difficult>
<bndbox>
<xmin>1033</xmin>
<ymin>713</ymin>
<xmax>1081</xmax>
<ymax>741</ymax>
</bndbox>
</object>
<object>
<name>grass</name>
<pose>Unspecified</pose>
<truncated>0</truncated>
<difficult>0</difficult>
<bndbox>
<xmin>1011</xmin>
<ymin>520</ymin>
<xmax>1084</xmax>
<ymax>564</ymax>
</bndbox>
</object>
</annotation>
