<?xml version="1.0" encoding="utf-8"?>
<annotation>
<folder>images</folder>
<filename>3c64f2cb-dirt_8.jpg</filename>
<source>
<database>MyDatabase</database>
<annotation>COCO2017</annotation>
<image>flickr</image>
<flickrid>NULL</flickrid>
<annotator>1</annotator>
</source>
<owner>
<flickrid>NULL</flickrid>
<name>Label Studio</name>
</owner>
<size>
<width>256</width>
<height>256</height>
<depth>3</depth>
</size>
<segmented>0</segmented>
<object>
<name>dirt</name>
<pose>Unspecified</pose>
<truncated>0</truncated>
<difficult>0</difficult>
<bndbox>
<xmin>14</xmin>
<ymin>167</ymin>
<xmax>244</xmax>
<ymax>216</ymax>
</bndbox>
</object>
<object>
<name>dirt</name>
<pose>Unspecified</pose>
<truncated>0</truncated>
<difficult>0</difficult>
<bndbox>
<xmin>67</xmin>
<ymin>121</ymin>
<xmax>211</xmax>
<ymax>163</ymax>
</bndbox>
</object>
<object>
<name>dirt</name>
<pose>Unspecified</pose>
<truncated>0</truncated>
<difficult>0</difficult>
<bndbox>
<xmin>112</xmin>
<ymin>87</ymin>
<xmax>162</xmax>
<ymax>116</ymax>
</bndbox>
</object>
</annotation>
