<?xml version="1.0" encoding="utf-8"?>
<annotation>
<folder>images</folder>
<filename>3e8ff9d2-dirt_36.jpg</filename>
<source>
<database>MyDatabase</database>
<annotation>COCO2017</annotation>
<image>flickr</image>
<flickrid>NULL</flickrid>
<annotator>1</annotator>
</source>
<owner>
<flickrid>NULL</flickrid>
<name>Label Studio</name>
</owner>
<size>
<width>3000</width>
<height>2000</height>
<depth>3</depth>
</size>
<segmented>0</segmented>
<object>
<name>dirt</name>
<pose>Unspecified</pose>
<truncated>0</truncated>
<difficult>0</difficult>
<bndbox>
<xmin>25</xmin>
<ymin>28</ymin>
<xmax>1421</xmax>
<ymax>1956</ymax>
</bndbox>
</object>
<object>
<name>dirt</name>
<pose>Unspecified</pose>
<truncated>0</truncated>
<difficult>0</difficult>
<bndbox>
<xmin>1453</xmin>
<ymin>64</ymin>
<xmax>2145</xmax>
<ymax>831</ymax>
</bndbox>
</object>
<object>
<name>dirt</name>
<pose>Unspecified</pose>
<truncated>0</truncated>
<difficult>0</difficult>
<bndbox>
<xmin>1485</xmin>
<ymin>878</ymin>
<xmax>1781</xmax>
<ymax>1117</ymax>
</bndbox>
</object>
<object>
<name>dirt</name>
<pose>Unspecified</pose>
<truncated>0</truncated>
<difficult>0</difficult>
<bndbox>
<xmin>1546</xmin>
<ymin>1653</ymin>
<xmax>2942</xmax>
<ymax>1956</ymax>
</bndbox>
</object>
<object>
<name>dirt</name>
<pose>Unspecified</pose>
<truncated>0</truncated>
<difficult>0</difficult>
<bndbox>
<xmin>1685</xmin>
<ymin>1446</ymin>
<xmax>2034</xmax>
<ymax>1631</ymax>
</bndbox>
</object>
<object>
<name>dirt</name>
<pose>Unspecified</pose>
<truncated>0</truncated>
<difficult>0</difficult>
<bndbox>
<xmin>2460</xmin>
<ymin>725</ymin>
<xmax>2977</xmax>
<ymax>1575</ymax>
</bndbox>
</object>
<object>
<name>dirt</name>
<pose>Unspecified</pose>
<truncated>0</truncated>
<difficult>0</difficult>
<bndbox>
<xmin>2271</xmin>
<ymin>1414</ymin>
<xmax>2428</xmax>
<ymax>1603</ymax>
</bndbox>
</object>
<object>
<name>dirt</name>
<pose>Unspecified</pose>
<truncated>0</truncated>
<difficult>0</difficult>
<bndbox>
<xmin>2835</xmin>
<ymin>417</ymin>
<xmax>2985</xmax>
<ymax>677</ymax>
</bndbox>
</object>
</annotation>
