<?xml version="1.0" encoding="utf-8"?>
<annotation>
<folder>images</folder>
<filename>7e3ee920-tree_8.jpg</filename>
<source>
<database>MyDatabase</database>
<annotation>COCO2017</annotation>
<image>flickr</image>
<flickrid>NULL</flickrid>
<annotator>1</annotator>
</source>
<owner>
<flickrid>NULL</flickrid>
<name>Label Studio</name>
</owner>
<size>
<width>1000</width>
<height>1333</height>
<depth>3</depth>
</size>
<segmented>0</segmented>
<object>
<name>tree root</name>
<pose>Unspecified</pose>
<truncated>0</truncated>
<difficult>0</difficult>
<bndbox>
<xmin>4</xmin>
<ymin>1028</ymin>
<xmax>158</xmax>
<ymax>1304</ymax>
</bndbox>
</object>
<object>
<name>tree root</name>
<pose>Unspecified</pose>
<truncated>0</truncated>
<difficult>0</difficult>
<bndbox>
<xmin>161</xmin>
<ymin>1228</ymin>
<xmax>261</xmax>
<ymax>1270</ymax>
</bndbox>
</object>
<object>
<name>tree root</name>
<pose>Unspecified</pose>
<truncated>0</truncated>
<difficult>0</difficult>
<bndbox>
<xmin>7</xmin>
<ymin>780</ymin>
<xmax>166</xmax>
<ymax>1027</ymax>
</bndbox>
</object>
<object>
<name>tree root</name>
<pose>Unspecified</pose>
<truncated>0</truncated>
<difficult>0</difficult>
<bndbox>
<xmin>40</xmin>
<ymin>642</ymin>
<xmax>190</xmax>
<ymax>777</ymax>
</bndbox>
</object>
<object>
<name>grass</name>
<pose>Unspecified</pose>
<truncated>0</truncated>
<difficult>0</difficult>
<bndbox>
<xmin>188</xmin>
<ymin>1137</ymin>
<xmax>466</xmax>
<ymax>1220</ymax>
</bndbox>
</object>
<object>
<name>grass</name>
<pose>Unspecified</pose>
<truncated>0</truncated>
<difficult>0</difficult>
<bndbox>
<xmin>178</xmin>
<ymin>1073</ymin>
<xmax>237</xmax>
<ymax>1134</ymax>
</bndbox>
</object>
<object>
<name>grass</name>
<pose>Unspecified</pose>
<truncated>0</truncated>
<difficult>0</difficult>
<bndbox>
<xmin>442</xmin>
<ymin>1064</ymin>
<xmax>492</xmax>
<ymax>1130</ymax>
</bndbox>
</object>
<object>
<name>tree root</name>
<pose>Unspecified</pose>
<truncated>0</truncated>
<difficult>0</difficult>
<bndbox>
<xmin>371</xmin>
<ymin>1002</ymin>
<xmax>401</xmax>
<ymax>1068</ymax>
</bndbox>
</object>
<object>
<name>tree root</name>
<pose>Unspecified</pose>
<truncated>0</truncated>
<difficult>0</difficult>
<bndbox>
<xmin>364</xmin>
<ymin>935</ymin>
<xmax>397</xmax>
<ymax>1006</ymax>
</bndbox>
</object>
<object>
<name>tree root</name>
<pose>Unspecified</pose>
<truncated>0</truncated>
<difficult>0</difficult>
<bndbox>
<xmin>357</xmin>
<ymin>861</ymin>
<xmax>390</xmax>
<ymax>937</ymax>
</bndbox>
</object>
<object>
<name>tree root</name>
<pose>Unspecified</pose>
<truncated>0</truncated>
<difficult>0</difficult>
<bndbox>
<xmin>407</xmin>
<ymin>902</ymin>
<xmax>430</xmax>
<ymax>968</ymax>
</bndbox>
</object>
<object>
<name>tree root</name>
<pose>Unspecified</pose>
<truncated>0</truncated>
<difficult>0</difficult>
<bndbox>
<xmin>733</xmin>
<ymin>973</ymin>
<xmax>768</xmax>
<ymax>1039</ymax>
</bndbox>
</object>
<object>
<name>tree root</name>
<pose>Unspecified</pose>
<truncated>0</truncated>
<difficult>0</difficult>
<bndbox>
<xmin>845</xmin>
<ymin>987</ymin>
<xmax>871</xmax>
<ymax>1048</ymax>
</bndbox>
</object>
<object>
<name>tree root</name>
<pose>Unspecified</pose>
<truncated>0</truncated>
<difficult>0</difficult>
<bndbox>
<xmin>733</xmin>
<ymin>954</ymin>
<xmax>761</xmax>
<ymax>992</ymax>
</bndbox>
</object>
<object>
<name>tree root</name>
<pose>Unspecified</pose>
<truncated>0</truncated>
<difficult>0</difficult>
<bndbox>
<xmin>830</xmin>
<ymin>945</ymin>
<xmax>865</xmax>
<ymax>987</ymax>
</bndbox>
</object>
<object>
<name>tree root</name>
<pose>Unspecified</pose>
<truncated>0</truncated>
<difficult>0</difficult>
<bndbox>
<xmin>714</xmin>
<ymin>925</ymin>
<xmax>730</xmax>
<ymax>963</ymax>
</bndbox>
</object>
<object>
<name>tree root</name>
<pose>Unspecified</pose>
<truncated>0</truncated>
<difficult>0</difficult>
<bndbox>
<xmin>769</xmin>
<ymin>945</ymin>
<xmax>790</xmax>
<ymax>961</ymax>
</bndbox>
</object>
<object>
<name>tree root</name>
<pose>Unspecified</pose>
<truncated>0</truncated>
<difficult>0</difficult>
<bndbox>
<xmin>845</xmin>
<ymin>906</ymin>
<xmax>880</xmax>
<ymax>948</ymax>
</bndbox>
</object>
<object>
<name>tree root</name>
<pose>Unspecified</pose>
<truncated>0</truncated>
<difficult>0</difficult>
<bndbox>
<xmin>883</xmin>
<ymin>940</ymin>
<xmax>906</xmax>
<ymax>992</ymax>
</bndbox>
</object>
</annotation>
