<?xml version="1.0" encoding="utf-8"?>
<annotation>
<folder>images</folder>
<filename>8cc4a118-tree_11.jpg</filename>
<source>
<database>MyDatabase</database>
<annotation>COCO2017</annotation>
<image>flickr</image>
<flickrid>NULL</flickrid>
<annotator>1</annotator>
</source>
<owner>
<flickrid>NULL</flickrid>
<name>Label Studio</name>
</owner>
<size>
<width>3200</width>
<height>1800</height>
<depth>3</depth>
</size>
<segmented>0</segmented>
<object>
<name>tree root</name>
<pose>Unspecified</pose>
<truncated>0</truncated>
<difficult>0</difficult>
<bndbox>
<xmin>1898</xmin>
<ymin>1639</ymin>
<xmax>1955</xmax>
<ymax>1751</ymax>
</bndbox>
</object>
<object>
<name>tree root</name>
<pose>Unspecified</pose>
<truncated>0</truncated>
<difficult>0</difficult>
<bndbox>
<xmin>1889</xmin>
<ymin>1546</ymin>
<xmax>1940</xmax>
<ymax>1639</ymax>
</bndbox>
</object>
<object>
<name>tree root</name>
<pose>Unspecified</pose>
<truncated>0</truncated>
<difficult>0</difficult>
<bndbox>
<xmin>1879</xmin>
<ymin>1485</ymin>
<xmax>1920</xmax>
<ymax>1533</ymax>
</bndbox>
</object>
<object>
<name>tree root</name>
<pose>Unspecified</pose>
<truncated>0</truncated>
<difficult>0</difficult>
<bndbox>
<xmin>1102</xmin>
<ymin>1134</ymin>
<xmax>1172</xmax>
<ymax>1211</ymax>
</bndbox>
</object>
<object>
<name>grass</name>
<pose>Unspecified</pose>
<truncated>0</truncated>
<difficult>0</difficult>
<bndbox>
<xmin>16</xmin>
<ymin>1603</ymin>
<xmax>812</xmax>
<ymax>1770</ymax>
</bndbox>
</object>
<object>
<name>grass</name>
<pose>Unspecified</pose>
<truncated>0</truncated>
<difficult>0</difficult>
<bndbox>
<xmin>848</xmin>
<ymin>1648</ymin>
<xmax>1095</xmax>
<ymax>1779</ymax>
</bndbox>
</object>
<object>
<name>grass</name>
<pose>Unspecified</pose>
<truncated>0</truncated>
<difficult>0</difficult>
<bndbox>
<xmin>1143</xmin>
<ymin>1687</ymin>
<xmax>1329</xmax>
<ymax>1777</ymax>
</bndbox>
</object>
<object>
<name>grass</name>
<pose>Unspecified</pose>
<truncated>0</truncated>
<difficult>0</difficult>
<bndbox>
<xmin>1391</xmin>
<ymin>1726</ymin>
<xmax>1811</xmax>
<ymax>1777</ymax>
</bndbox>
</object>
<object>
<name>grass</name>
<pose>Unspecified</pose>
<truncated>0</truncated>
<difficult>0</difficult>
<bndbox>
<xmin>1995</xmin>
<ymin>1690</ymin>
<xmax>2059</xmax>
<ymax>1735</ymax>
</bndbox>
</object>
<object>
<name>grass</name>
<pose>Unspecified</pose>
<truncated>0</truncated>
<difficult>0</difficult>
<bndbox>
<xmin>1760</xmin>
<ymin>1697</ymin>
<xmax>1882</xmax>
<ymax>1725</ymax>
</bndbox>
</object>
<object>
<name>grass</name>
<pose>Unspecified</pose>
<truncated>0</truncated>
<difficult>0</difficult>
<bndbox>
<xmin>1834</xmin>
<ymin>1764</ymin>
<xmax>2386</xmax>
<ymax>1789</ymax>
</bndbox>
</object>
</annotation>
