<?xml version="1.0" encoding="utf-8"?>
<annotation>
<folder>images</folder>
<filename>b71fd50e-tree_4.jpg</filename>
<source>
<database>MyDatabase</database>
<annotation>COCO2017</annotation>
<image>flickr</image>
<flickrid>NULL</flickrid>
<annotator>1</annotator>
</source>
<owner>
<flickrid>NULL</flickrid>
<name>Label Studio</name>
</owner>
<size>
<width>3300</width>
<height>4200</height>
<depth>3</depth>
</size>
<segmented>0</segmented>
<object>
<name>tree root</name>
<pose>Unspecified</pose>
<truncated>0</truncated>
<difficult>0</difficult>
<bndbox>
<xmin>1432</xmin>
<ymin>2137</ymin>
<xmax>1769</xmax>
<ymax>2504</ymax>
</bndbox>
</object>
<object>
<name>tree root</name>
<pose>Unspecified</pose>
<truncated>0</truncated>
<difficult>0</difficult>
<bndbox>
<xmin>1560</xmin>
<ymin>1852</ymin>
<xmax>1867</xmax>
<ymax>2107</ymax>
</bndbox>
</object>
<object>
<name>tree root</name>
<pose>Unspecified</pose>
<truncated>0</truncated>
<difficult>0</difficult>
<bndbox>
<xmin>1320</xmin>
<ymin>2002</ymin>
<xmax>1485</xmax>
<ymax>2136</ymax>
</bndbox>
</object>
<object>
<name>rock</name>
<pose>Unspecified</pose>
<truncated>0</truncated>
<difficult>0</difficult>
<bndbox>
<xmin>945</xmin>
<ymin>3937</ymin>
<xmax>1725</xmax>
<ymax>4169</ymax>
</bndbox>
</object>
<object>
<name>rock</name>
<pose>Unspecified</pose>
<truncated>0</truncated>
<difficult>0</difficult>
<bndbox>
<xmin>1290</xmin>
<ymin>3607</ymin>
<xmax>1687</xmax>
<ymax>3914</ymax>
</bndbox>
</object>
<object>
<name>rock</name>
<pose>Unspecified</pose>
<truncated>0</truncated>
<difficult>0</difficult>
<bndbox>
<xmin>1327</xmin>
<ymin>3284</ymin>
<xmax>1679</xmax>
<ymax>3591</ymax>
</bndbox>
</object>
<object>
<name>rock</name>
<pose>Unspecified</pose>
<truncated>0</truncated>
<difficult>0</difficult>
<bndbox>
<xmin>1350</xmin>
<ymin>3090</ymin>
<xmax>1620</xmax>
<ymax>3270</ymax>
</bndbox>
</object>
<object>
<name>rock</name>
<pose>Unspecified</pose>
<truncated>0</truncated>
<difficult>0</difficult>
<bndbox>
<xmin>1290</xmin>
<ymin>2962</ymin>
<xmax>1485</xmax>
<ymax>3082</ymax>
</bndbox>
</object>
<object>
<name>dirt</name>
<pose>Unspecified</pose>
<truncated>0</truncated>
<difficult>0</difficult>
<bndbox>
<xmin>1799</xmin>
<ymin>3877</ymin>
<xmax>2346</xmax>
<ymax>4162</ymax>
</bndbox>
</object>
<object>
<name>dirt</name>
<pose>Unspecified</pose>
<truncated>0</truncated>
<difficult>0</difficult>
<bndbox>
<xmin>1882</xmin>
<ymin>3510</ymin>
<xmax>2527</xmax>
<ymax>3832</ymax>
</bndbox>
</object>
<object>
<name>dirt</name>
<pose>Unspecified</pose>
<truncated>0</truncated>
<difficult>0</difficult>
<bndbox>
<xmin>2265</xmin>
<ymin>3157</ymin>
<xmax>2819</xmax>
<ymax>3524</ymax>
</bndbox>
</object>
<object>
<name>dirt</name>
<pose>Unspecified</pose>
<truncated>0</truncated>
<difficult>0</difficult>
<bndbox>
<xmin>2557</xmin>
<ymin>3037</ymin>
<xmax>2819</xmax>
<ymax>3157</ymax>
</bndbox>
</object>
<object>
<name>dirt</name>
<pose>Unspecified</pose>
<truncated>0</truncated>
<difficult>0</difficult>
<bndbox>
<xmin>2039</xmin>
<ymin>2737</ymin>
<xmax>2226</xmax>
<ymax>2827</ymax>
</bndbox>
</object>
<object>
<name>dirt</name>
<pose>Unspecified</pose>
<truncated>0</truncated>
<difficult>0</difficult>
<bndbox>
<xmin>2265</xmin>
<ymin>2707</ymin>
<xmax>2460</xmax>
<ymax>2767</ymax>
</bndbox>
</object>
<object>
<name>dirt</name>
<pose>Unspecified</pose>
<truncated>0</truncated>
<difficult>0</difficult>
<bndbox>
<xmin>1080</xmin>
<ymin>2452</ymin>
<xmax>1320</xmax>
<ymax>2526</ymax>
</bndbox>
</object>
<object>
<name>tree root</name>
<pose>Unspecified</pose>
<truncated>0</truncated>
<difficult>0</difficult>
<bndbox>
<xmin>2827</xmin>
<ymin>2452</ymin>
<xmax>3007</xmax>
<ymax>2557</ymax>
</bndbox>
</object>
</annotation>
