<?xml version="1.0" encoding="utf-8"?>
<annotation>
<folder>images</folder>
<filename>bdc59ad9-tree_53.jpg</filename>
<source>
<database>MyDatabase</database>
<annotation>COCO2017</annotation>
<image>flickr</image>
<flickrid>NULL</flickrid>
<annotator>1</annotator>
</source>
<owner>
<flickrid>NULL</flickrid>
<name>Label Studio</name>
</owner>
<size>
<width>2000</width>
<height>1082</height>
<depth>3</depth>
</size>
<segmented>0</segmented>
<object>
<name>tree root</name>
<pose>Unspecified</pose>
<truncated>0</truncated>
<difficult>0</difficult>
<bndbox>
<xmin>968</xmin>
<ymin>950</ymin>
<xmax>1039</xmax>
<ymax>1052</ymax>
</bndbox>
</object>
<object>
<name>tree root</name>
<pose>Unspecified</pose>
<truncated>0</truncated>
<difficult>0</difficult>
<bndbox>
<xmin>941</xmin>
<ymin>1041</ymin>
<xmax>968</xmax>
<ymax>1058</ymax>
</bndbox>
</object>
<object>
<name>tree root</name>
<pose>Unspecified</pose>
<truncated>0</truncated>
<difficult>0</difficult>
<bndbox>
<xmin>973</xmin>
<ymin>836</ymin>
<xmax>1032</xmax>
<ymax>951</ymax>
</bndbox>
</object>
<object>
<name>tree root</name>
<pose>Unspecified</pose>
<truncated>0</truncated>
<difficult>0</difficult>
<bndbox>
<xmin>954</xmin>
<ymin>788</ymin>
<xmax>1027</xmax>
<ymax>828</ymax>
</bndbox>
</object>
</annotation>
