<?xml version="1.0" encoding="utf-8"?>
<annotation>
<folder>images</folder>
<filename>be187fa0-dirt_60.jpg</filename>
<source>
<database>MyDatabase</database>
<annotation>COCO2017</annotation>
<image>flickr</image>
<flickrid>NULL</flickrid>
<annotator>1</annotator>
</source>
<owner>
<flickrid>NULL</flickrid>
<name>Label Studio</name>
</owner>
<size>
<width>1086</width>
<height>508</height>
<depth>3</depth>
</size>
<segmented>0</segmented>
<object>
<name>grass</name>
<pose>Unspecified</pose>
<truncated>0</truncated>
<difficult>0</difficult>
<bndbox>
<xmin>16</xmin>
<ymin>16</ymin>
<xmax>236</xmax>
<ymax>497</ymax>
</bndbox>
</object>
<object>
<name>grass</name>
<pose>Unspecified</pose>
<truncated>0</truncated>
<difficult>0</difficult>
<bndbox>
<xmin>548</xmin>
<ymin>455</ymin>
<xmax>1071</xmax>
<ymax>493</ymax>
</bndbox>
</object>
<object>
<name>grass</name>
<pose>Unspecified</pose>
<truncated>0</truncated>
<difficult>0</difficult>
<bndbox>
<xmin>781</xmin>
<ymin>214</ymin>
<xmax>1071</xmax>
<ymax>431</ymax>
</bndbox>
</object>
<object>
<name>dirt</name>
<pose>Unspecified</pose>
<truncated>0</truncated>
<difficult>0</difficult>
<bndbox>
<xmin>307</xmin>
<ymin>89</ymin>
<xmax>622</xmax>
<ymax>311</ymax>
</bndbox>
</object>
<object>
<name>dirt</name>
<pose>Unspecified</pose>
<truncated>0</truncated>
<difficult>0</difficult>
<bndbox>
<xmin>355</xmin>
<ymin>317</ymin>
<xmax>692</xmax>
<ymax>381</ymax>
</bndbox>
</object>
<object>
<name>dirt</name>
<pose>Unspecified</pose>
<truncated>0</truncated>
<difficult>0</difficult>
<bndbox>
<xmin>360</xmin>
<ymin>390</ymin>
<xmax>484</xmax>
<ymax>447</ymax>
</bndbox>
</object>
<object>
<name>dirt</name>
<pose>Unspecified</pose>
<truncated>0</truncated>
<difficult>0</difficult>
<bndbox>
<xmin>372</xmin>
<ymin>61</ymin>
<xmax>546</xmax>
<ymax>86</ymax>
</bndbox>
</object>
<object>
<name>dirt</name>
<pose>Unspecified</pose>
<truncated>0</truncated>
<difficult>0</difficult>
<bndbox>
<xmin>628</xmin>
<ymin>127</ymin>
<xmax>658</xmax>
<ymax>308</ymax>
</bndbox>
</object>
<object>
<name>dirt</name>
<pose>Unspecified</pose>
<truncated>0</truncated>
<difficult>0</difficult>
<bndbox>
<xmin>667</xmin>
<ymin>191</ymin>
<xmax>698</xmax>
<ymax>293</ymax>
</bndbox>
</object>
</annotation>
