<?xml version="1.0" encoding="utf-8"?>
<annotation>
<folder>images</folder>
<filename>c4b41f5d-rock_80.jpg</filename>
<source>
<database>MyDatabase</database>
<annotation>COCO2017</annotation>
<image>flickr</image>
<flickrid>NULL</flickrid>
<annotator>1</annotator>
</source>
<owner>
<flickrid>NULL</flickrid>
<name>Label Studio</name>
</owner>
<size>
<width>2500</width>
<height>1875</height>
<depth>3</depth>
</size>
<segmented>0</segmented>
<object>
<name>tree root</name>
<pose>Unspecified</pose>
<truncated>0</truncated>
<difficult>0</difficult>
<bndbox>
<xmin>1067</xmin>
<ymin>659</ymin>
<xmax>1123</xmax>
<ymax>796</ymax>
</bndbox>
</object>
<object>
<name>tree root</name>
<pose>Unspecified</pose>
<truncated>0</truncated>
<difficult>0</difficult>
<bndbox>
<xmin>1703</xmin>
<ymin>683</ymin>
<xmax>1763</xmax>
<ymax>830</ymax>
</bndbox>
</object>
<object>
<name>tree root</name>
<pose>Unspecified</pose>
<truncated>0</truncated>
<difficult>0</difficult>
<bndbox>
<xmin>1633</xmin>
<ymin>652</ymin>
<xmax>1699</xmax>
<ymax>775</ymax>
</bndbox>
</object>
<object>
<name>tree root</name>
<pose>Unspecified</pose>
<truncated>0</truncated>
<difficult>0</difficult>
<bndbox>
<xmin>1234</xmin>
<ymin>616</ymin>
<xmax>1270</xmax>
<ymax>733</ymax>
</bndbox>
</object>
<object>
<name>tree root</name>
<pose>Unspecified</pose>
<truncated>0</truncated>
<difficult>0</difficult>
<bndbox>
<xmin>1455</xmin>
<ymin>609</ymin>
<xmax>1488</xmax>
<ymax>716</ymax>
</bndbox>
</object>
<object>
<name>tree root</name>
<pose>Unspecified</pose>
<truncated>0</truncated>
<difficult>0</difficult>
<bndbox>
<xmin>1944</xmin>
<ymin>639</ymin>
<xmax>1980</xmax>
<ymax>786</ymax>
</bndbox>
</object>
<object>
<name>tree root</name>
<pose>Unspecified</pose>
<truncated>0</truncated>
<difficult>0</difficult>
<bndbox>
<xmin>659</xmin>
<ymin>629</ymin>
<xmax>722</xmax>
<ymax>732</ymax>
</bndbox>
</object>
<object>
<name>tree root</name>
<pose>Unspecified</pose>
<truncated>0</truncated>
<difficult>0</difficult>
<bndbox>
<xmin>572</xmin>
<ymin>656</ymin>
<xmax>602</xmax>
<ymax>739</ymax>
</bndbox>
</object>
<object>
<name>tree root</name>
<pose>Unspecified</pose>
<truncated>0</truncated>
<difficult>0</difficult>
<bndbox>
<xmin>314</xmin>
<ymin>713</ymin>
<xmax>334</xmax>
<ymax>753</ymax>
</bndbox>
</object>
<object>
<name>tree root</name>
<pose>Unspecified</pose>
<truncated>0</truncated>
<difficult>0</difficult>
<bndbox>
<xmin>505</xmin>
<ymin>689</ymin>
<xmax>531</xmax>
<ymax>749</ymax>
</bndbox>
</object>
<object>
<name>tree root</name>
<pose>Unspecified</pose>
<truncated>0</truncated>
<difficult>0</difficult>
<bndbox>
<xmin>538</xmin>
<ymin>659</ymin>
<xmax>561</xmax>
<ymax>742</ymax>
</bndbox>
</object>
<object>
<name>tree root</name>
<pose>Unspecified</pose>
<truncated>0</truncated>
<difficult>0</difficult>
<bndbox>
<xmin>789</xmin>
<ymin>539</ymin>
<xmax>815</xmax>
<ymax>616</ymax>
</bndbox>
</object>
<object>
<name>grass</name>
<pose>Unspecified</pose>
<truncated>0</truncated>
<difficult>0</difficult>
<bndbox>
<xmin>43</xmin>
<ymin>1279</ymin>
<xmax>621</xmax>
<ymax>1476</ymax>
</bndbox>
</object>
<object>
<name>grass</name>
<pose>Unspecified</pose>
<truncated>0</truncated>
<difficult>0</difficult>
<bndbox>
<xmin>682</xmin>
<ymin>1372</ymin>
<xmax>892</xmax>
<ymax>1569</ymax>
</bndbox>
</object>
<object>
<name>grass</name>
<pose>Unspecified</pose>
<truncated>0</truncated>
<difficult>0</difficult>
<bndbox>
<xmin>736</xmin>
<ymin>1610</ymin>
<xmax>1094</xmax>
<ymax>1807</ymax>
</bndbox>
</object>
<object>
<name>grass</name>
<pose>Unspecified</pose>
<truncated>0</truncated>
<difficult>0</difficult>
<bndbox>
<xmin>465</xmin>
<ymin>1513</ymin>
<xmax>659</xmax>
<ymax>1636</ymax>
</bndbox>
</object>
<object>
<name>grass</name>
<pose>Unspecified</pose>
<truncated>0</truncated>
<difficult>0</difficult>
<bndbox>
<xmin>1151</xmin>
<ymin>1764</ymin>
<xmax>1388</xmax>
<ymax>1844</ymax>
</bndbox>
</object>
<object>
<name>grass</name>
<pose>Unspecified</pose>
<truncated>0</truncated>
<difficult>0</difficult>
<bndbox>
<xmin>1479</xmin>
<ymin>1814</ymin>
<xmax>2446</xmax>
<ymax>1850</ymax>
</bndbox>
</object>
<object>
<name>grass</name>
<pose>Unspecified</pose>
<truncated>0</truncated>
<difficult>0</difficult>
<bndbox>
<xmin>2118</xmin>
<ymin>1218</ymin>
<xmax>2456</xmax>
<ymax>1767</ymax>
</bndbox>
</object>
<object>
<name>grass</name>
<pose>Unspecified</pose>
<truncated>0</truncated>
<difficult>0</difficult>
<bndbox>
<xmin>1937</xmin>
<ymin>1078</ymin>
<xmax>2094</xmax>
<ymax>1218</ymax>
</bndbox>
</object>
<object>
<name>grass</name>
<pose>Unspecified</pose>
<truncated>0</truncated>
<difficult>0</difficult>
<bndbox>
<xmin>2158</xmin>
<ymin>1121</ymin>
<xmax>2308</xmax>
<ymax>1211</ymax>
</bndbox>
</object>
<object>
<name>grass</name>
<pose>Unspecified</pose>
<truncated>0</truncated>
<difficult>0</difficult>
<bndbox>
<xmin>1780</xmin>
<ymin>1061</ymin>
<xmax>1900</xmax>
<ymax>1148</ymax>
</bndbox>
</object>
<object>
<name>grass</name>
<pose>Unspecified</pose>
<truncated>0</truncated>
<difficult>0</difficult>
<bndbox>
<xmin>1643</xmin>
<ymin>1034</ymin>
<xmax>1753</xmax>
<ymax>1117</ymax>
</bndbox>
</object>
<object>
<name>grass</name>
<pose>Unspecified</pose>
<truncated>0</truncated>
<difficult>0</difficult>
<bndbox>
<xmin>1522</xmin>
<ymin>994</ymin>
<xmax>1605</xmax>
<ymax>1060</ymax>
</bndbox>
</object>
<object>
<name>grass</name>
<pose>Unspecified</pose>
<truncated>0</truncated>
<difficult>0</difficult>
<bndbox>
<xmin>1388</xmin>
<ymin>974</ymin>
<xmax>1495</xmax>
<ymax>1034</ymax>
</bndbox>
</object>
<object>
<name>grass</name>
<pose>Unspecified</pose>
<truncated>0</truncated>
<difficult>0</difficult>
<bndbox>
<xmin>1258</xmin>
<ymin>947</ymin>
<xmax>1348</xmax>
<ymax>1003</ymax>
</bndbox>
</object>
<object>
<name>grass</name>
<pose>Unspecified</pose>
<truncated>0</truncated>
<difficult>0</difficult>
<bndbox>
<xmin>1164</xmin>
<ymin>917</ymin>
<xmax>1227</xmax>
<ymax>970</ymax>
</bndbox>
</object>
<object>
<name>grass</name>
<pose>Unspecified</pose>
<truncated>0</truncated>
<difficult>0</difficult>
<bndbox>
<xmin>1084</xmin>
<ymin>900</ymin>
<xmax>1140</xmax>
<ymax>950</ymax>
</bndbox>
</object>
<object>
<name>grass</name>
<pose>Unspecified</pose>
<truncated>0</truncated>
<difficult>0</difficult>
<bndbox>
<xmin>1000</xmin>
<ymin>904</ymin>
<xmax>1070</xmax>
<ymax>940</ymax>
</bndbox>
</object>
<object>
<name>grass</name>
<pose>Unspecified</pose>
<truncated>0</truncated>
<difficult>0</difficult>
<bndbox>
<xmin>933</xmin>
<ymin>887</ymin>
<xmax>993</xmax>
<ymax>917</ymax>
</bndbox>
</object>
<object>
<name>grass</name>
<pose>Unspecified</pose>
<truncated>0</truncated>
<difficult>0</difficult>
<bndbox>
<xmin>843</xmin>
<ymin>857</ymin>
<xmax>899</xmax>
<ymax>893</ymax>
</bndbox>
</object>
<object>
<name>grass</name>
<pose>Unspecified</pose>
<truncated>0</truncated>
<difficult>0</difficult>
<bndbox>
<xmin>742</xmin>
<ymin>847</ymin>
<xmax>818</xmax>
<ymax>873</ymax>
</bndbox>
</object>
<object>
<name>grass</name>
<pose>Unspecified</pose>
<truncated>0</truncated>
<difficult>0</difficult>
<bndbox>
<xmin>672</xmin>
<ymin>823</ymin>
<xmax>718</xmax>
<ymax>853</ymax>
</bndbox>
</object>
<object>
<name>grass</name>
<pose>Unspecified</pose>
<truncated>0</truncated>
<difficult>0</difficult>
<bndbox>
<xmin>605</xmin>
<ymin>803</ymin>
<xmax>665</xmax>
<ymax>839</ymax>
</bndbox>
</object>
<object>
<name>grass</name>
<pose>Unspecified</pose>
<truncated>0</truncated>
<difficult>0</difficult>
<bndbox>
<xmin>548</xmin>
<ymin>786</ymin>
<xmax>588</xmax>
<ymax>819</ymax>
</bndbox>
</object>
<object>
<name>grass</name>
<pose>Unspecified</pose>
<truncated>0</truncated>
<difficult>0</difficult>
<bndbox>
<xmin>488</xmin>
<ymin>770</ymin>
<xmax>521</xmax>
<ymax>803</ymax>
</bndbox>
</object>
<object>
<name>grass</name>
<pose>Unspecified</pose>
<truncated>0</truncated>
<difficult>0</difficult>
<bndbox>
<xmin>435</xmin>
<ymin>770</ymin>
<xmax>481</xmax>
<ymax>793</ymax>
</bndbox>
</object>
<object>
<name>rock</name>
<pose>Unspecified</pose>
<truncated>0</truncated>
<difficult>0</difficult>
<bndbox>
<xmin>1050</xmin>
<ymin>1088</ymin>
<xmax>1578</xmax>
<ymax>1476</ymax>
</bndbox>
</object>
<object>
<name>rock</name>
<pose>Unspecified</pose>
<truncated>0</truncated>
<difficult>0</difficult>
<bndbox>
<xmin>1305</xmin>
<ymin>1506</ymin>
<xmax>1743</xmax>
<ymax>1686</ymax>
</bndbox>
</object>
<object>
<name>rock</name>
<pose>Unspecified</pose>
<truncated>0</truncated>
<difficult>0</difficult>
<bndbox>
<xmin>1626</xmin>
<ymin>1235</ymin>
<xmax>1830</xmax>
<ymax>1449</ymax>
</bndbox>
</object>
<object>
<name>rock</name>
<pose>Unspecified</pose>
<truncated>0</truncated>
<difficult>0</difficult>
<bndbox>
<xmin>1767</xmin>
<ymin>1530</ymin>
<xmax>1910</xmax>
<ymax>1657</ymax>
</bndbox>
</object>
<object>
<name>rock</name>
<pose>Unspecified</pose>
<truncated>0</truncated>
<difficult>0</difficult>
<bndbox>
<xmin>692</xmin>
<ymin>954</ymin>
<xmax>1030</xmax>
<ymax>1275</ymax>
</bndbox>
</object>
<object>
<name>rock</name>
<pose>Unspecified</pose>
<truncated>0</truncated>
<difficult>0</difficult>
<bndbox>
<xmin>344</xmin>
<ymin>897</ymin>
<xmax>661</xmax>
<ymax>1218</ymax>
</bndbox>
</object>
<object>
<name>rock</name>
<pose>Unspecified</pose>
<truncated>0</truncated>
<difficult>0</difficult>
<bndbox>
<xmin>267</xmin>
<ymin>786</ymin>
<xmax>377</xmax>
<ymax>859</ymax>
</bndbox>
</object>
<object>
<name>rock</name>
<pose>Unspecified</pose>
<truncated>0</truncated>
<difficult>0</difficult>
<bndbox>
<xmin>247</xmin>
<ymin>914</ymin>
<xmax>320</xmax>
<ymax>1101</ymax>
</bndbox>
</object>
<object>
<name>rock</name>
<pose>Unspecified</pose>
<truncated>0</truncated>
<difficult>0</difficult>
<bndbox>
<xmin>418</xmin>
<ymin>833</ymin>
<xmax>531</xmax>
<ymax>873</ymax>
</bndbox>
</object>
<object>
<name>rock</name>
<pose>Unspecified</pose>
<truncated>0</truncated>
<difficult>0</difficult>
<bndbox>
<xmin>1077</xmin>
<ymin>1004</ymin>
<xmax>1230</xmax>
<ymax>1060</ymax>
</bndbox>
</object>
<object>
<name>rock</name>
<pose>Unspecified</pose>
<truncated>0</truncated>
<difficult>0</difficult>
<bndbox>
<xmin>1181</xmin>
<ymin>1500</ymin>
<xmax>1274</xmax>
<ymax>1580</ymax>
</bndbox>
</object>
<object>
<name>rock</name>
<pose>Unspecified</pose>
<truncated>0</truncated>
<difficult>0</difficult>
<bndbox>
<xmin>538</xmin>
<ymin>756</ymin>
<xmax>584</xmax>
<ymax>776</ymax>
</bndbox>
</object>
<object>
<name>rock</name>
<pose>Unspecified</pose>
<truncated>0</truncated>
<difficult>0</difficult>
<bndbox>
<xmin>605</xmin>
<ymin>763</ymin>
<xmax>655</xmax>
<ymax>796</ymax>
</bndbox>
</object>
<object>
<name>rock</name>
<pose>Unspecified</pose>
<truncated>0</truncated>
<difficult>0</difficult>
<bndbox>
<xmin>682</xmin>
<ymin>783</ymin>
<xmax>735</xmax>
<ymax>813</ymax>
</bndbox>
</object>
<object>
<name>rock</name>
<pose>Unspecified</pose>
<truncated>0</truncated>
<difficult>0</difficult>
<bndbox>
<xmin>763</xmin>
<ymin>806</ymin>
<xmax>829</xmax>
<ymax>832</ymax>
</bndbox>
</object>
<object>
<name>rock</name>
<pose>Unspecified</pose>
<truncated>0</truncated>
<difficult>0</difficult>
<bndbox>
<xmin>870</xmin>
<ymin>806</ymin>
<xmax>933</xmax>
<ymax>859</ymax>
</bndbox>
</object>
<object>
<name>rock</name>
<pose>Unspecified</pose>
<truncated>0</truncated>
<difficult>0</difficult>
<bndbox>
<xmin>953</xmin>
<ymin>823</ymin>
<xmax>1043</xmax>
<ymax>869</ymax>
</bndbox>
</object>
<object>
<name>rock</name>
<pose>Unspecified</pose>
<truncated>0</truncated>
<difficult>0</difficult>
<bndbox>
<xmin>1070</xmin>
<ymin>830</ymin>
<xmax>1163</xmax>
<ymax>890</ymax>
</bndbox>
</object>
<object>
<name>rock</name>
<pose>Unspecified</pose>
<truncated>0</truncated>
<difficult>0</difficult>
<bndbox>
<xmin>1178</xmin>
<ymin>840</ymin>
<xmax>1321</xmax>
<ymax>906</ymax>
</bndbox>
</object>
<object>
<name>rock</name>
<pose>Unspecified</pose>
<truncated>0</truncated>
<difficult>0</difficult>
<bndbox>
<xmin>1358</xmin>
<ymin>863</ymin>
<xmax>1679</xmax>
<ymax>956</ymax>
</bndbox>
</object>
<object>
<name>rock</name>
<pose>Unspecified</pose>
<truncated>0</truncated>
<difficult>0</difficult>
<bndbox>
<xmin>1736</xmin>
<ymin>897</ymin>
<xmax>2207</xmax>
<ymax>1014</ymax>
</bndbox>
</object>
<object>
<name>rock</name>
<pose>Unspecified</pose>
<truncated>0</truncated>
<difficult>0</difficult>
<bndbox>
<xmin>2235</xmin>
<ymin>957</ymin>
<xmax>2492</xmax>
<ymax>1080</ymax>
</bndbox>
</object>
<object>
<name>rock</name>
<pose>Unspecified</pose>
<truncated>0</truncated>
<difficult>0</difficult>
<bndbox>
<xmin>2105</xmin>
<ymin>1021</ymin>
<xmax>2242</xmax>
<ymax>1084</ymax>
</bndbox>
</object>
<object>
<name>grass</name>
<pose>Unspecified</pose>
<truncated>0</truncated>
<difficult>0</difficult>
<bndbox>
<xmin>672</xmin>
<ymin>733</ymin>
<xmax>748</xmax>
<ymax>763</ymax>
</bndbox>
</object>
<object>
<name>grass</name>
<pose>Unspecified</pose>
<truncated>0</truncated>
<difficult>0</difficult>
<bndbox>
<xmin>769</xmin>
<ymin>766</ymin>
<xmax>819</xmax>
<ymax>792</ymax>
</bndbox>
</object>
<object>
<name>grass</name>
<pose>Unspecified</pose>
<truncated>0</truncated>
<difficult>0</difficult>
<bndbox>
<xmin>856</xmin>
<ymin>786</ymin>
<xmax>973</xmax>
<ymax>802</ymax>
</bndbox>
</object>
<object>
<name>grass</name>
<pose>Unspecified</pose>
<truncated>0</truncated>
<difficult>0</difficult>
<bndbox>
<xmin>1004</xmin>
<ymin>793</ymin>
<xmax>1171</xmax>
<ymax>816</ymax>
</bndbox>
</object>
<object>
<name>grass</name>
<pose>Unspecified</pose>
<truncated>0</truncated>
<difficult>0</difficult>
<bndbox>
<xmin>1204</xmin>
<ymin>803</ymin>
<xmax>1692</xmax>
<ymax>829</ymax>
</bndbox>
</object>
<object>
<name>grass</name>
<pose>Unspecified</pose>
<truncated>0</truncated>
<difficult>0</difficult>
<bndbox>
<xmin>1793</xmin>
<ymin>786</ymin>
<xmax>1933</xmax>
<ymax>846</ymax>
</bndbox>
</object>
<object>
<name>grass</name>
<pose>Unspecified</pose>
<truncated>0</truncated>
<difficult>0</difficult>
<bndbox>
<xmin>1874</xmin>
<ymin>676</ymin>
<xmax>1940</xmax>
<ymax>716</ymax>
</bndbox>
</object>
<object>
<name>grass</name>
<pose>Unspecified</pose>
<truncated>0</truncated>
<difficult>0</difficult>
<bndbox>
<xmin>1984</xmin>
<ymin>806</ymin>
<xmax>2489</xmax>
<ymax>869</ymax>
</bndbox>
</object>
</annotation>
