<?xml version="1.0" encoding="utf-8"?>
<annotation>
<folder>images</folder>
<filename>41c9c36d-tree_13.jpg</filename>
<source>
<database>MyDatabase</database>
<annotation>COCO2017</annotation>
<image>flickr</image>
<flickrid>NULL</flickrid>
<annotator>1</annotator>
</source>
<owner>
<flickrid>NULL</flickrid>
<name>Label Studio</name>
</owner>
<size>
<width>2504</width>
<height>1674</height>
<depth>3</depth>
</size>
<segmented>0</segmented>
<object>
<name>grass</name>
<pose>Unspecified</pose>
<truncated>0</truncated>
<difficult>0</difficult>
<bndbox>
<xmin>41</xmin>
<ymin>1234</ymin>
<xmax>2452</xmax>
<ymax>1634</ymax>
</bndbox>
</object>
<object>
<name>grass</name>
<pose>Unspecified</pose>
<truncated>0</truncated>
<difficult>0</difficult>
<bndbox>
<xmin>23</xmin>
<ymin>842</ymin>
<xmax>333</xmax>
<ymax>1218</ymax>
</bndbox>
</object>
<object>
<name>grass</name>
<pose>Unspecified</pose>
<truncated>0</truncated>
<difficult>0</difficult>
<bndbox>
<xmin>478</xmin>
<ymin>810</ymin>
<xmax>669</xmax>
<ymax>986</ymax>
</bndbox>
</object>
<object>
<name>grass</name>
<pose>Unspecified</pose>
<truncated>0</truncated>
<difficult>0</difficult>
<bndbox>
<xmin>1078</xmin>
<ymin>732</ymin>
<xmax>1394</xmax>
<ymax>1012</ymax>
</bndbox>
</object>
<object>
<name>grass</name>
<pose>Unspecified</pose>
<truncated>0</truncated>
<difficult>0</difficult>
<bndbox>
<xmin>1195</xmin>
<ymin>1037</ymin>
<xmax>2449</xmax>
<ymax>1201</ymax>
</bndbox>
</object>
<object>
<name>grass</name>
<pose>Unspecified</pose>
<truncated>0</truncated>
<difficult>0</difficult>
<bndbox>
<xmin>1577</xmin>
<ymin>720</ymin>
<xmax>1860</xmax>
<ymax>995</ymax>
</bndbox>
</object>
<object>
<name>grass</name>
<pose>Unspecified</pose>
<truncated>0</truncated>
<difficult>0</difficult>
<bndbox>
<xmin>1446</xmin>
<ymin>893</ymin>
<xmax>1544</xmax>
<ymax>994</ymax>
</bndbox>
</object>
<object>
<name>grass</name>
<pose>Unspecified</pose>
<truncated>0</truncated>
<difficult>0</difficult>
<bndbox>
<xmin>1999</xmin>
<ymin>866</ymin>
<xmax>2432</xmax>
<ymax>1012</ymax>
</bndbox>
</object>
<object>
<name>grass</name>
<pose>Unspecified</pose>
<truncated>0</truncated>
<difficult>0</difficult>
<bndbox>
<xmin>358</xmin>
<ymin>881</ymin>
<xmax>453</xmax>
<ymax>1209</ymax>
</bndbox>
</object>
<object>
<name>tree root</name>
<pose>Unspecified</pose>
<truncated>0</truncated>
<difficult>0</difficult>
<bndbox>
<xmin>609</xmin>
<ymin>1007</ymin>
<xmax>1069</xmax>
<ymax>1096</ymax>
</bndbox>
</object>
<object>
<name>tree root</name>
<pose>Unspecified</pose>
<truncated>0</truncated>
<difficult>0</difficult>
<bndbox>
<xmin>717</xmin>
<ymin>923</ymin>
<xmax>970</xmax>
<ymax>994</ymax>
</bndbox>
</object>
<object>
<name>tree root</name>
<pose>Unspecified</pose>
<truncated>0</truncated>
<difficult>0</difficult>
<bndbox>
<xmin>735</xmin>
<ymin>834</ymin>
<xmax>944</xmax>
<ymax>914</ymax>
</bndbox>
</object>
<object>
<name>grass</name>
<pose>Unspecified</pose>
<truncated>0</truncated>
<difficult>0</difficult>
<bndbox>
<xmin>600</xmin>
<ymin>1162</ymin>
<xmax>1170</xmax>
<ymax>1218</ymax>
</bndbox>
</object>
<object>
<name>grass</name>
<pose>Unspecified</pose>
<truncated>0</truncated>
<difficult>0</difficult>
<bndbox>
<xmin>989</xmin>
<ymin>762</ymin>
<xmax>1063</xmax>
<ymax>968</ymax>
</bndbox>
</object>
</annotation>
