<?xml version="1.0" encoding="utf-8"?>
<annotation>
<folder>images</folder>
<filename>511e00c1-tree_52.jpg</filename>
<source>
<database>MyDatabase</database>
<annotation>COCO2017</annotation>
<image>flickr</image>
<flickrid>NULL</flickrid>
<annotator>1</annotator>
</source>
<owner>
<flickrid>NULL</flickrid>
<name>Label Studio</name>
</owner>
<size>
<width>1200</width>
<height>1043</height>
<depth>3</depth>
</size>
<segmented>0</segmented>
<object>
<name>tree root</name>
<pose>Unspecified</pose>
<truncated>0</truncated>
<difficult>0</difficult>
<bndbox>
<xmin>622</xmin>
<ymin>866</ymin>
<xmax>707</xmax>
<ymax>957</ymax>
</bndbox>
</object>
<object>
<name>tree root</name>
<pose>Unspecified</pose>
<truncated>0</truncated>
<difficult>0</difficult>
<bndbox>
<xmin>614</xmin>
<ymin>784</ymin>
<xmax>705</xmax>
<ymax>854</ymax>
</bndbox>
</object>
<object>
<name>grass</name>
<pose>Unspecified</pose>
<truncated>0</truncated>
<difficult>0</difficult>
<bndbox>
<xmin>732</xmin>
<ymin>858</ymin>
<xmax>912</xmax>
<ymax>923</ymax>
</bndbox>
</object>
<object>
<name>grass</name>
<pose>Unspecified</pose>
<truncated>0</truncated>
<difficult>0</difficult>
<bndbox>
<xmin>942</xmin>
<ymin>860</ymin>
<xmax>1184</xmax>
<ymax>966</ymax>
</bndbox>
</object>
</annotation>
