<?xml version="1.0" encoding="utf-8"?>
<annotation>
<folder>images</folder>
<filename>59b222c6-tree_2.jpg</filename>
<source>
<database>MyDatabase</database>
<annotation>COCO2017</annotation>
<image>flickr</image>
<flickrid>NULL</flickrid>
<annotator>1</annotator>
</source>
<owner>
<flickrid>NULL</flickrid>
<name>Label Studio</name>
</owner>
<size>
<width>2121</width>
<height>1414</height>
<depth>3</depth>
</size>
<segmented>0</segmented>
<object>
<name>grass</name>
<pose>Unspecified</pose>
<truncated>0</truncated>
<difficult>0</difficult>
<bndbox>
<xmin>45</xmin>
<ymin>876</ymin>
<xmax>555</xmax>
<ymax>1378</ymax>
</bndbox>
</object>
<object>
<name>grass</name>
<pose>Unspecified</pose>
<truncated>0</truncated>
<difficult>0</difficult>
<bndbox>
<xmin>641</xmin>
<ymin>1239</ymin>
<xmax>2080</xmax>
<ymax>1387</ymax>
</bndbox>
</object>
<object>
<name>grass</name>
<pose>Unspecified</pose>
<truncated>0</truncated>
<difficult>0</difficult>
<bndbox>
<xmin>593</xmin>
<ymin>1022</ymin>
<xmax>762</xmax>
<ymax>1211</ymax>
</bndbox>
</object>
<object>
<name>grass</name>
<pose>Unspecified</pose>
<truncated>0</truncated>
<difficult>0</difficult>
<bndbox>
<xmin>1565</xmin>
<ymin>1068</ymin>
<xmax>2080</xmax>
<ymax>1214</ymax>
</bndbox>
</object>
<object>
<name>grass</name>
<pose>Unspecified</pose>
<truncated>0</truncated>
<difficult>0</difficult>
<bndbox>
<xmin>1227</xmin>
<ymin>1174</ymin>
<xmax>1524</xmax>
<ymax>1224</ymax>
</bndbox>
</object>
<object>
<name>tree root</name>
<pose>Unspecified</pose>
<truncated>0</truncated>
<difficult>0</difficult>
<bndbox>
<xmin>1285</xmin>
<ymin>919</ymin>
<xmax>1413</xmax>
<ymax>1133</ymax>
</bndbox>
</object>
<object>
<name>tree root</name>
<pose>Unspecified</pose>
<truncated>0</truncated>
<difficult>0</difficult>
<bndbox>
<xmin>1060</xmin>
<ymin>949</ymin>
<xmax>1191</xmax>
<ymax>1022</ymax>
</bndbox>
</object>
<object>
<name>tree root</name>
<pose>Unspecified</pose>
<truncated>0</truncated>
<difficult>0</difficult>
<bndbox>
<xmin>1050</xmin>
<ymin>883</ymin>
<xmax>1100</xmax>
<ymax>936</ymax>
</bndbox>
</object>
<object>
<name>tree root</name>
<pose>Unspecified</pose>
<truncated>0</truncated>
<difficult>0</difficult>
<bndbox>
<xmin>1111</xmin>
<ymin>881</ymin>
<xmax>1224</xmax>
<ymax>941</ymax>
</bndbox>
</object>
<object>
<name>grass</name>
<pose>Unspecified</pose>
<truncated>0</truncated>
<difficult>0</difficult>
<bndbox>
<xmin>27</xmin>
<ymin>810</ymin>
<xmax>120</xmax>
<ymax>857</ymax>
</bndbox>
</object>
<object>
<name>grass</name>
<pose>Unspecified</pose>
<truncated>0</truncated>
<difficult>0</difficult>
<bndbox>
<xmin>800</xmin>
<ymin>1032</ymin>
<xmax>878</xmax>
<ymax>1072</ymax>
</bndbox>
</object>
<object>
<name>grass</name>
<pose>Unspecified</pose>
<truncated>0</truncated>
<difficult>0</difficult>
<bndbox>
<xmin>1111</xmin>
<ymin>1035</ymin>
<xmax>1247</xmax>
<ymax>1103</ymax>
</bndbox>
</object>
</annotation>
