<?xml version="1.0" encoding="utf-8"?>
<annotation>
<folder>images</folder>
<filename>60b1b7e9-tree_71.jpg</filename>
<source>
<database>MyDatabase</database>
<annotation>COCO2017</annotation>
<image>flickr</image>
<flickrid>NULL</flickrid>
<annotator>1</annotator>
</source>
<owner>
<flickrid>NULL</flickrid>
<name>Label Studio</name>
</owner>
<size>
<width>1800</width>
<height>1350</height>
<depth>3</depth>
</size>
<segmented>0</segmented>
<object>
<name>tree root</name>
<pose>Unspecified</pose>
<truncated>0</truncated>
<difficult>0</difficult>
<bndbox>
<xmin>901</xmin>
<ymin>1116</ymin>
<xmax>1009</xmax>
<ymax>1224</ymax>
</bndbox>
</object>
<object>
<name>tree root</name>
<pose>Unspecified</pose>
<truncated>0</truncated>
<difficult>0</difficult>
<bndbox>
<xmin>896</xmin>
<ymin>1017</ymin>
<xmax>1002</xmax>
<ymax>1101</ymax>
</bndbox>
</object>
<object>
<name>tree root</name>
<pose>Unspecified</pose>
<truncated>0</truncated>
<difficult>0</difficult>
<bndbox>
<xmin>836</xmin>
<ymin>1017</ymin>
<xmax>898</xmax>
<ymax>1048</ymax>
</bndbox>
</object>
<object>
<name>tree root</name>
<pose>Unspecified</pose>
<truncated>0</truncated>
<difficult>0</difficult>
<bndbox>
<xmin>869</xmin>
<ymin>973</ymin>
<xmax>999</xmax>
<ymax>1013</ymax>
</bndbox>
</object>
<object>
<name>tree root</name>
<pose>Unspecified</pose>
<truncated>0</truncated>
<difficult>0</difficult>
<bndbox>
<xmin>1014</xmin>
<ymin>1017</ymin>
<xmax>1052</xmax>
<ymax>1053</ymax>
</bndbox>
</object>
<object>
<name>tree root</name>
<pose>Unspecified</pose>
<truncated>0</truncated>
<difficult>0</difficult>
<bndbox>
<xmin>954</xmin>
<ymin>896</ymin>
<xmax>997</xmax>
<ymax>961</ymax>
</bndbox>
</object>
<object>
<name>grass</name>
<pose>Unspecified</pose>
<truncated>0</truncated>
<difficult>0</difficult>
<bndbox>
<xmin>38</xmin>
<ymin>1241</ymin>
<xmax>428</xmax>
<ymax>1332</ymax>
</bndbox>
</object>
<object>
<name>grass</name>
<pose>Unspecified</pose>
<truncated>0</truncated>
<difficult>0</difficult>
<bndbox>
<xmin>573</xmin>
<ymin>1224</ymin>
<xmax>852</xmax>
<ymax>1318</ymax>
</bndbox>
</object>
<object>
<name>grass</name>
<pose>Unspecified</pose>
<truncated>0</truncated>
<difficult>0</difficult>
<bndbox>
<xmin>891</xmin>
<ymin>1229</ymin>
<xmax>1772</xmax>
<ymax>1337</ymax>
</bndbox>
</object>
</annotation>
