<?xml version="1.0" encoding="utf-8"?>
<annotation>
<folder>images</folder>
<filename>86cb2e61-dirt_72.jpg</filename>
<source>
<database>MyDatabase</database>
<annotation>COCO2017</annotation>
<image>flickr</image>
<flickrid>NULL</flickrid>
<annotator>1</annotator>
</source>
<owner>
<flickrid>NULL</flickrid>
<name>Label Studio</name>
</owner>
<size>
<width>768</width>
<height>768</height>
<depth>3</depth>
</size>
<segmented>0</segmented>
<object>
<name>dirt</name>
<pose>Unspecified</pose>
<truncated>0</truncated>
<difficult>0</difficult>
<bndbox>
<xmin>21</xmin>
<ymin>286</ymin>
<xmax>750</xmax>
<ymax>757</ymax>
</bndbox>
</object>
<object>
<name>dirt</name>
<pose>Unspecified</pose>
<truncated>0</truncated>
<difficult>0</difficult>
<bndbox>
<xmin>28</xmin>
<ymin>213</ymin>
<xmax>125</xmax>
<ymax>271</ymax>
</bndbox>
</object>
<object>
<name>dirt</name>
<pose>Unspecified</pose>
<truncated>0</truncated>
<difficult>0</difficult>
<bndbox>
<xmin>153</xmin>
<ymin>235</ymin>
<xmax>318</xmax>
<ymax>280</ymax>
</bndbox>
</object>
<object>
<name>tree root</name>
<pose>Unspecified</pose>
<truncated>0</truncated>
<difficult>0</difficult>
<bndbox>
<xmin>327</xmin>
<ymin>183</ymin>
<xmax>344</xmax>
<ymax>247</ymax>
</bndbox>
</object>
<object>
<name>tree root</name>
<pose>Unspecified</pose>
<truncated>0</truncated>
<difficult>0</difficult>
<bndbox>
<xmin>131</xmin>
<ymin>146</ymin>
<xmax>151</xmax>
<ymax>203</ymax>
</bndbox>
</object>
<object>
<name>tree root</name>
<pose>Unspecified</pose>
<truncated>0</truncated>
<difficult>0</difficult>
<bndbox>
<xmin>440</xmin>
<ymin>94</ymin>
<xmax>471</xmax>
<ymax>161</ymax>
</bndbox>
</object>
</annotation>
