<?xml version="1.0" encoding="utf-8"?>
<annotation>
<folder>images</folder>
<filename>970d1e67-tree_66.jpg</filename>
<source>
<database>MyDatabase</database>
<annotation>COCO2017</annotation>
<image>flickr</image>
<flickrid>NULL</flickrid>
<annotator>1</annotator>
</source>
<owner>
<flickrid>NULL</flickrid>
<name>Label Studio</name>
</owner>
<size>
<width>1280</width>
<height>1920</height>
<depth>3</depth>
</size>
<segmented>0</segmented>
<object>
<name>tree root</name>
<pose>Unspecified</pose>
<truncated>0</truncated>
<difficult>0</difficult>
<bndbox>
<xmin>542</xmin>
<ymin>1731</ymin>
<xmax>713</xmax>
<ymax>1813</ymax>
</bndbox>
</object>
<object>
<name>tree root</name>
<pose>Unspecified</pose>
<truncated>0</truncated>
<difficult>0</difficult>
<bndbox>
<xmin>559</xmin>
<ymin>1642</ymin>
<xmax>685</xmax>
<ymax>1731</ymax>
</bndbox>
</object>
<object>
<name>grass</name>
<pose>Unspecified</pose>
<truncated>0</truncated>
<difficult>0</difficult>
<bndbox>
<xmin>20</xmin>
<ymin>1710</ymin>
<xmax>507</xmax>
<ymax>1843</ymax>
</bndbox>
</object>
<object>
<name>grass</name>
<pose>Unspecified</pose>
<truncated>0</truncated>
<difficult>0</difficult>
<bndbox>
<xmin>305</xmin>
<ymin>1865</ymin>
<xmax>1248</xmax>
<ymax>1899</ymax>
</bndbox>
</object>
<object>
<name>grass</name>
<pose>Unspecified</pose>
<truncated>0</truncated>
<difficult>0</difficult>
<bndbox>
<xmin>806</xmin>
<ymin>1758</ymin>
<xmax>1077</xmax>
<ymax>1840</ymax>
</bndbox>
</object>
<object>
<name>grass</name>
<pose>Unspecified</pose>
<truncated>0</truncated>
<difficult>0</difficult>
<bndbox>
<xmin>1118</xmin>
<ymin>1779</ymin>
<xmax>1275</xmax>
<ymax>1840</ymax>
</bndbox>
</object>
<object>
<name>grass</name>
<pose>Unspecified</pose>
<truncated>0</truncated>
<difficult>0</difficult>
<bndbox>
<xmin>741</xmin>
<ymin>1748</ymin>
<xmax>795</xmax>
<ymax>1813</ymax>
</bndbox>
</object>
<object>
<name>tree root</name>
<pose>Unspecified</pose>
<truncated>0</truncated>
<difficult>0</difficult>
<bndbox>
<xmin>576</xmin>
<ymin>1597</ymin>
<xmax>620</xmax>
<ymax>1627</ymax>
</bndbox>
</object>
</annotation>
