[{"id":839,"annotations":[{"id":690,"completed_by":1,"result":[{"original_width":256,"original_height":256,"image_rotation":0,"value":{"x":24.285714285714292,"y":19.107142857142833,"width":61.25000000000003,"height":69.64285714285707,"rotation":0,"rectanglelabels":["dirt"]},"id":"KZakRBYFEC","from_name":"label","to_name":"image","type":"rectanglelabels","origin":"manual"}],"was_cancelled":false,"ground_truth":false,"created_at":"2023-02-05T20:51:42.779454Z","updated_at":"2023-02-05T20:51:42.779454Z","lead_time":15.889,"prediction":{},"result_count":0,"task":839,"project":9,"parent_prediction":null,"parent_annotation":null}],"file_upload":"11040e50-dirt_0.jpg","drafts":[],"predictions":[],"data":{"image":"\/data\/upload\/9\/11040e50-dirt_0.jpg"},"meta":{},"created_at":"2023-02-05T20:50:45.695236Z","updated_at":"2023-02-05T20:51:42.847451Z","inner_id":1,"total_annotations":1,"cancelled_annotations":0,"total_predictions":0,"comment_count":0,"unresolved_comment_count":0,"last_comment_updated_at":null,"project":9,"updated_by":1,"comment_authors":[]},{"id":840,"annotations":[{"id":691,"completed_by":1,"result":[{"original_width":256,"original_height":256,"image_rotation":0,"value":{"x":0.35714285714285715,"y":0.5357142857142857,"width":98.5714285714286,"height":98.21428571428571,"rotation":0,"rectanglelabels":["dirt"]},"id":"031j10gZ3y","from_name":"label","to_name":"image","type":"rectanglelabels","origin":"manual"}],"was_cancelled":false,"ground_truth":false,"created_at":"2023-02-05T20:51:48.511303Z","updated_at":"2023-02-05T20:51:48.511303Z","lead_time":5.429,"prediction":{},"result_count":0,"task":840,"project":9,"parent_prediction":null,"parent_annotation":null}],"file_upload":"91520cd9-dirt_1.jpg","drafts":[],"predictions":[],"data":{"image":"\/data\/upload\/9\/91520cd9-dirt_1.jpg"},"meta":{},"created_at":"2023-02-05T20:50:45.695236Z","updated_at":"2023-02-05T20:51:48.575303Z","inner_id":2,"total_annotations":1,"cancelled_annotations":0,"total_predictions":0,"comment_count":0,"unresolved_comment_count":0,"last_comment_updated_at":null,"project":9,"updated_by":1,"comment_authors":[]},{"id":841,"annotations":[{"id":692,"completed_by":1,"result":[{"original_width":256,"original_height":256,"image_rotation":0,"value":{"x":22.499999999999986,"y":16.250000000000007,"width":54.1071428571428,"height":66.6071428571429,"rotation":0,"rectanglelabels":["dirt"]},"id":"Yo2-WEFSxz","from_name":"label","to_name":"image","type":"rectanglelabels","origin":"manual"}],"was_cancelled":false,"ground_truth":false,"created_at":"2023-02-05T20:52:03.265039Z","updated_at":"2023-02-05T20:52:03.265039Z","lead_time":14.417,"prediction":{},"result_count":0,"task":841,"project":9,"parent_prediction":null,"parent_annotation":null}],"file_upload":"bd3e2bdf-dirt_2.jpg","drafts":[],"predictions":[],"data":{"image":"\/data\/upload\/9\/bd3e2bdf-dirt_2.jpg"},"meta":{},"created_at":"2023-02-05T20:50:45.695236Z","updated_at":"2023-02-05T20:52:03.341036Z","inner_id":3,"total_annotations":1,"cancelled_annotations":0,"total_predictions":0,"comment_count":0,"unresolved_comment_count":0,"last_comment_updated_at":null,"project":9,"updated_by":1,"comment_authors":[]},{"id":842,"annotations":[{"id":693,"completed_by":1,"result":[{"original_width":256,"original_height":256,"image_rotation":0,"value":{"x":0.35714285714285715,"y":0.17857142857142858,"width":98.39285714285714,"height":98.21428571428571,"rotation":0,"rectanglelabels":["dirt"]},"id":"PjXwgja_-X","from_name":"label","to_name":"image","type":"rectanglelabels","origin":"manual"}],"was_cancelled":false,"ground_truth":false,"created_at":"2023-02-05T20:52:08.860890Z","updated_at":"2023-02-05T20:52:08.860890Z","lead_time":5.271,"prediction":{},"result_count":0,"task":842,"project":9,"parent_prediction":null,"parent_annotation":null}],"file_upload":"5b8130a5-dirt_3.jpg","drafts":[],"predictions":[],"data":{"image":"\/data\/upload\/9\/5b8130a5-dirt_3.jpg"},"meta":{},"created_at":"2023-02-05T20:50:45.695236Z","updated_at":"2023-02-05T20:52:08.920890Z","inner_id":4,"total_annotations":1,"cancelled_annotations":0,"total_predictions":0,"comment_count":0,"unresolved_comment_count":0,"last_comment_updated_at":null,"project":9,"updated_by":1,"comment_authors":[]},{"id":843,"annotations":[{"id":694,"completed_by":1,"result":[{"original_width":256,"original_height":256,"image_rotation":0,"value":{"x":0.7142857142857143,"y":0.8928571428571427,"width":96.96428571428571,"height":97.32142857142857,"rotation":0,"rectanglelabels":["dirt"]},"id":"PJ6u9Gzp3q","from_name":"label","to_name":"image","type":"rectanglelabels","origin":"manual"}],"was_cancelled":false,"ground_truth":false,"created_at":"2023-02-05T20:52:13.697864Z","updated_at":"2023-02-05T20:52:13.697864Z","lead_time":4.547,"prediction":{},"result_count":0,"task":843,"project":9,"parent_prediction":null,"parent_annotation":null}],"file_upload":"0736cfc6-dirt_4.jpg","drafts":[],"predictions":[],"data":{"image":"\/data\/upload\/9\/0736cfc6-dirt_4.jpg"},"meta":{},"created_at":"2023-02-05T20:50:45.695236Z","updated_at":"2023-02-05T20:52:13.769856Z","inner_id":5,"total_annotations":1,"cancelled_annotations":0,"total_predictions":0,"comment_count":0,"unresolved_comment_count":0,"last_comment_updated_at":null,"project":9,"updated_by":1,"comment_authors":[]},{"id":844,"annotations":[{"id":695,"completed_by":1,"result":[{"original_width":256,"original_height":256,"image_rotation":0,"value":{"x":0.7142857142857143,"y":31.071428571428577,"width":98.39285714285708,"height":68.0357142857143,"rotation":0,"rectanglelabels":["dirt"]},"id":"uuB6XI501C","from_name":"label","to_name":"image","type":"rectanglelabels","origin":"manual"}],"was_cancelled":false,"ground_truth":false,"created_at":"2023-02-05T20:52:21.701736Z","updated_at":"2023-02-05T20:52:21.701736Z","lead_time":7.67,"prediction":{},"result_count":0,"task":844,"project":9,"parent_prediction":null,"parent_annotation":null}],"file_upload":"29c4f76a-dirt_5.jpg","drafts":[],"predictions":[],"data":{"image":"\/data\/upload\/9\/29c4f76a-dirt_5.jpg"},"meta":{},"created_at":"2023-02-05T20:50:45.695236Z","updated_at":"2023-02-05T20:52:21.761748Z","inner_id":6,"total_annotations":1,"cancelled_annotations":0,"total_predictions":0,"comment_count":0,"unresolved_comment_count":0,"last_comment_updated_at":null,"project":9,"updated_by":1,"comment_authors":[]},{"id":845,"annotations":[{"id":696,"completed_by":1,"result":[{"original_width":256,"original_height":256,"image_rotation":0,"value":{"x":1.0714285714285714,"y":0.8928571428571427,"width":97.67857142857143,"height":97.5,"rotation":0,"rectanglelabels":["dirt"]},"id":"NiK5nhB8iT","from_name":"label","to_name":"image","type":"rectanglelabels","origin":"manual"}],"was_cancelled":false,"ground_truth":false,"created_at":"2023-02-05T20:52:26.350244Z","updated_at":"2023-02-05T20:52:26.350244Z","lead_time":4.33,"prediction":{},"result_count":0,"task":845,"project":9,"parent_prediction":null,"parent_annotation":null}],"file_upload":"2a173075-dirt_6.jpg","drafts":[],"predictions":[],"data":{"image":"\/data\/upload\/9\/2a173075-dirt_6.jpg"},"meta":{},"created_at":"2023-02-05T20:50:45.695236Z","updated_at":"2023-02-05T20:52:26.498241Z","inner_id":7,"total_annotations":1,"cancelled_annotations":0,"total_predictions":0,"comment_count":0,"unresolved_comment_count":0,"last_comment_updated_at":null,"project":9,"updated_by":1,"comment_authors":[]},{"id":846,"annotations":[{"id":697,"completed_by":1,"result":[{"original_width":256,"original_height":256,"image_rotation":0,"value":{"x":0.8928571428571427,"y":0.17857142857142858,"width":98.03571428571426,"height":98.92857142857143,"rotation":0,"rectanglelabels":["dirt"]},"id":"MtGTVWipA9","from_name":"label","to_name":"image","type":"rectanglelabels","origin":"manual"}],"was_cancelled":false,"ground_truth":false,"created_at":"2023-02-05T20:52:31.231658Z","updated_at":"2023-02-05T20:52:31.231658Z","lead_time":4.474,"prediction":{},"result_count":0,"task":846,"project":9,"parent_prediction":null,"parent_annotation":null}],"file_upload":"8ee93a77-dirt_7.jpg","drafts":[],"predictions":[],"data":{"image":"\/data\/upload\/9\/8ee93a77-dirt_7.jpg"},"meta":{},"created_at":"2023-02-05T20:50:45.695236Z","updated_at":"2023-02-05T20:52:31.299654Z","inner_id":8,"total_annotations":1,"cancelled_annotations":0,"total_predictions":0,"comment_count":0,"unresolved_comment_count":0,"last_comment_updated_at":null,"project":9,"updated_by":1,"comment_authors":[]},{"id":847,"annotations":[{"id":698,"completed_by":1,"result":[{"original_width":256,"original_height":256,"image_rotation":0,"value":{"x":0,"y":28.214285714285705,"width":99.99999999999993,"height":61.96428571428573,"rotation":0,"rectanglelabels":["dirt"]},"id":"XsMYwmojt4","from_name":"label","to_name":"image","type":"rectanglelabels","origin":"manual"}],"was_cancelled":false,"ground_truth":false,"created_at":"2023-02-05T20:53:07.208709Z","updated_at":"2023-02-05T20:53:07.208709Z","lead_time":35.694,"prediction":{},"result_count":0,"task":847,"project":9,"parent_prediction":null,"parent_annotation":null}],"file_upload":"ae03095b-dirt_8.jpg","drafts":[],"predictions":[],"data":{"image":"\/data\/upload\/9\/ae03095b-dirt_8.jpg"},"meta":{},"created_at":"2023-02-05T20:50:45.695236Z","updated_at":"2023-02-05T20:53:07.276709Z","inner_id":9,"total_annotations":1,"cancelled_annotations":0,"total_predictions":0,"comment_count":0,"unresolved_comment_count":0,"last_comment_updated_at":null,"project":9,"updated_by":1,"comment_authors":[]},{"id":848,"annotations":[{"id":699,"completed_by":1,"result":[{"original_width":256,"original_height":256,"image_rotation":0,"value":{"x":0.5357142857142857,"y":0.7142857142857143,"width":21.785714285714285,"height":99.28571428571429,"rotation":0,"rectanglelabels":["dirt"]},"id":"ns6HLcdWYZ","from_name":"label","to_name":"image","type":"rectanglelabels","origin":"manual"},{"original_width":256,"original_height":256,"image_rotation":0,"value":{"x":23.392857142857142,"y":0,"width":73.92857142857143,"height":13.750000000000004,"rotation":0,"rectanglelabels":["dirt"]},"id":"6_RC0b4uqR","from_name":"label","to_name":"image","type":"rectanglelabels","origin":"manual"},{"original_width":256,"original_height":256,"image_rotation":0,"value":{"x":77.85714285714288,"y":16.071428571428573,"width":21.071428571428577,"height":83.21428571428571,"rotation":0,"rectanglelabels":["dirt"]},"id":"2YlF-47p_u","from_name":"label","to_name":"image","type":"rectanglelabels","origin":"manual"},{"original_width":256,"original_height":256,"image_rotation":0,"value":{"x":29.999999999999982,"y":18.03571428571429,"width":38.74999999999995,"height":61.25,"rotation":0,"rectanglelabels":["dirt"]},"id":"X8fZDZM9ov","from_name":"label","to_name":"image","type":"rectanglelabels","origin":"manual"}],"was_cancelled":false,"ground_truth":false,"created_at":"2023-02-05T20:53:43.425995Z","updated_at":"2023-02-05T20:53:43.425995Z","lead_time":35.891,"prediction":{},"result_count":0,"task":848,"project":9,"parent_prediction":null,"parent_annotation":null}],"file_upload":"6c69662f-dirt_9.jpg","drafts":[],"predictions":[],"data":{"image":"\/data\/upload\/9\/6c69662f-dirt_9.jpg"},"meta":{},"created_at":"2023-02-05T20:50:45.695236Z","updated_at":"2023-02-05T20:53:43.493995Z","inner_id":10,"total_annotations":1,"cancelled_annotations":0,"total_predictions":0,"comment_count":0,"unresolved_comment_count":0,"last_comment_updated_at":null,"project":9,"updated_by":1,"comment_authors":[]},{"id":849,"annotations":[{"id":700,"completed_by":1,"result":[{"original_width":256,"original_height":256,"image_rotation":0,"value":{"x":0.8928571428571427,"y":1.6071428571428568,"width":96.78571428571429,"height":96.42857142857143,"rotation":0,"rectanglelabels":["dirt"]},"id":"Nhtd7qOGZr","from_name":"label","to_name":"image","type":"rectanglelabels","origin":"manual"}],"was_cancelled":false,"ground_truth":false,"created_at":"2023-02-05T20:53:48.233890Z","updated_at":"2023-02-05T20:53:48.233890Z","lead_time":4.502,"prediction":{},"result_count":0,"task":849,"project":9,"parent_prediction":null,"parent_annotation":null}],"file_upload":"9d47cef9-dirt_10.jpg","drafts":[],"predictions":[],"data":{"image":"\/data\/upload\/9\/9d47cef9-dirt_10.jpg"},"meta":{},"created_at":"2023-02-05T20:50:45.695236Z","updated_at":"2023-02-05T20:53:48.289875Z","inner_id":11,"total_annotations":1,"cancelled_annotations":0,"total_predictions":0,"comment_count":0,"unresolved_comment_count":0,"last_comment_updated_at":null,"project":9,"updated_by":1,"comment_authors":[]},{"id":850,"annotations":[{"id":701,"completed_by":1,"result":[{"original_width":256,"original_height":256,"image_rotation":0,"value":{"x":1.0714285714285714,"y":0.8928571428571427,"width":97.14285714285714,"height":97.14285714285714,"rotation":0,"rectanglelabels":["dirt"]},"id":"HBp_qO0dKH","from_name":"label","to_name":"image","type":"rectanglelabels","origin":"manual"}],"was_cancelled":false,"ground_truth":false,"created_at":"2023-02-05T20:53:53.345820Z","updated_at":"2023-02-05T20:53:53.345820Z","lead_time":4.838,"prediction":{},"result_count":0,"task":850,"project":9,"parent_prediction":null,"parent_annotation":null}],"file_upload":"01bcb43b-dirt_11.jpg","drafts":[],"predictions":[],"data":{"image":"\/data\/upload\/9\/01bcb43b-dirt_11.jpg"},"meta":{},"created_at":"2023-02-05T20:50:45.695236Z","updated_at":"2023-02-05T20:53:53.401820Z","inner_id":12,"total_annotations":1,"cancelled_annotations":0,"total_predictions":0,"comment_count":0,"unresolved_comment_count":0,"last_comment_updated_at":null,"project":9,"updated_by":1,"comment_authors":[]},{"id":851,"annotations":[{"id":702,"completed_by":1,"result":[{"original_width":256,"original_height":256,"image_rotation":0,"value":{"x":1.0714285714285714,"y":1.4285714285714286,"width":97.67857142857143,"height":97.14285714285714,"rotation":0,"rectanglelabels":["dirt"]},"id":"uZK5VmggLJ","from_name":"label","to_name":"image","type":"rectanglelabels","origin":"manual"}],"was_cancelled":false,"ground_truth":false,"created_at":"2023-02-05T20:53:57.986950Z","updated_at":"2023-02-05T20:53:57.986950Z","lead_time":4.383,"prediction":{},"result_count":0,"task":851,"project":9,"parent_prediction":null,"parent_annotation":null}],"file_upload":"5e333872-dirt_12.jpg","drafts":[],"predictions":[],"data":{"image":"\/data\/upload\/9\/5e333872-dirt_12.jpg"},"meta":{},"created_at":"2023-02-05T20:50:45.695236Z","updated_at":"2023-02-05T20:53:58.058913Z","inner_id":13,"total_annotations":1,"cancelled_annotations":0,"total_predictions":0,"comment_count":0,"unresolved_comment_count":0,"last_comment_updated_at":null,"project":9,"updated_by":1,"comment_authors":[]},{"id":852,"annotations":[{"id":703,"completed_by":1,"result":[{"original_width":256,"original_height":256,"image_rotation":0,"value":{"x":12.142857142857128,"y":21.249999999999982,"width":76.60714285714273,"height":64.4642857142857,"rotation":0,"rectanglelabels":["dirt"]},"id":"nQlLrnyDyF","from_name":"label","to_name":"image","type":"rectanglelabels","origin":"manual"}],"was_cancelled":false,"ground_truth":false,"created_at":"2023-02-05T20:54:12.407751Z","updated_at":"2023-02-05T20:54:12.407751Z","lead_time":14.122,"prediction":{},"result_count":0,"task":852,"project":9,"parent_prediction":null,"parent_annotation":null}],"file_upload":"07953dd0-dirt_13.jpg","drafts":[],"predictions":[],"data":{"image":"\/data\/upload\/9\/07953dd0-dirt_13.jpg"},"meta":{},"created_at":"2023-02-05T20:50:45.695236Z","updated_at":"2023-02-05T20:54:12.495750Z","inner_id":14,"total_annotations":1,"cancelled_annotations":0,"total_predictions":0,"comment_count":0,"unresolved_comment_count":0,"last_comment_updated_at":null,"project":9,"updated_by":1,"comment_authors":[]},{"id":853,"annotations":[{"id":704,"completed_by":1,"result":[{"original_width":256,"original_height":256,"image_rotation":0,"value":{"x":0.5357142857142857,"y":0.35714285714285715,"width":98.03571428571426,"height":98.03571428571426,"rotation":0,"rectanglelabels":["dirt"]},"id":"wXovmEqGUj","from_name":"label","to_name":"image","type":"rectanglelabels","origin":"manual"}],"was_cancelled":false,"ground_truth":false,"created_at":"2023-02-05T20:54:18.088976Z","updated_at":"2023-02-05T20:54:18.088976Z","lead_time":5.291,"prediction":{},"result_count":0,"task":853,"project":9,"parent_prediction":null,"parent_annotation":null}],"file_upload":"a6da16e5-dirt_14.jpg","drafts":[],"predictions":[],"data":{"image":"\/data\/upload\/9\/a6da16e5-dirt_14.jpg"},"meta":{},"created_at":"2023-02-05T20:50:45.695236Z","updated_at":"2023-02-05T20:54:18.152972Z","inner_id":15,"total_annotations":1,"cancelled_annotations":0,"total_predictions":0,"comment_count":0,"unresolved_comment_count":0,"last_comment_updated_at":null,"project":9,"updated_by":1,"comment_authors":[]},{"id":854,"annotations":[{"id":705,"completed_by":1,"result":[{"original_width":256,"original_height":256,"image_rotation":0,"value":{"x":3.9285714285714284,"y":52.678571428571416,"width":92.3214285714285,"height":43.75000000000006,"rotation":0,"rectanglelabels":["dirt"]},"id":"GMSrw-Nq_f","from_name":"label","to_name":"image","type":"rectanglelabels","origin":"manual"}],"was_cancelled":false,"ground_truth":false,"created_at":"2023-02-05T20:54:29.330429Z","updated_at":"2023-02-05T20:54:29.330429Z","lead_time":10.901,"prediction":{},"result_count":0,"task":854,"project":9,"parent_prediction":null,"parent_annotation":null}],"file_upload":"be38390c-dirt_15.jpg","drafts":[],"predictions":[],"data":{"image":"\/data\/upload\/9\/be38390c-dirt_15.jpg"},"meta":{},"created_at":"2023-02-05T20:50:45.695236Z","updated_at":"2023-02-05T20:54:29.410397Z","inner_id":16,"total_annotations":1,"cancelled_annotations":0,"total_predictions":0,"comment_count":0,"unresolved_comment_count":0,"last_comment_updated_at":null,"project":9,"updated_by":1,"comment_authors":[]},{"id":855,"annotations":[{"id":706,"completed_by":1,"result":[{"original_width":256,"original_height":256,"image_rotation":0,"value":{"x":1.0714285714285714,"y":1.6071428571428568,"width":97.32142857142857,"height":96.60714285714286,"rotation":0,"rectanglelabels":["dirt"]},"id":"6JodR2ZdUb","from_name":"label","to_name":"image","type":"rectanglelabels","origin":"manual"}],"was_cancelled":false,"ground_truth":false,"created_at":"2023-02-05T20:54:34.266268Z","updated_at":"2023-02-05T20:54:34.266268Z","lead_time":4.594,"prediction":{},"result_count":0,"task":855,"project":9,"parent_prediction":null,"parent_annotation":null}],"file_upload":"490f3b19-dirt_16.jpg","drafts":[],"predictions":[],"data":{"image":"\/data\/upload\/9\/490f3b19-dirt_16.jpg"},"meta":{},"created_at":"2023-02-05T20:50:45.695236Z","updated_at":"2023-02-05T20:54:34.346276Z","inner_id":17,"total_annotations":1,"cancelled_annotations":0,"total_predictions":0,"comment_count":0,"unresolved_comment_count":0,"last_comment_updated_at":null,"project":9,"updated_by":1,"comment_authors":[]},{"id":856,"annotations":[{"id":707,"completed_by":1,"result":[{"original_width":256,"original_height":256,"image_rotation":0,"value":{"x":34.642857142857146,"y":20.535714285714302,"width":33.21428571428573,"height":66.42857142857147,"rotation":0,"rectanglelabels":["dirt"]},"id":"9t_LbqjB5L","from_name":"label","to_name":"image","type":"rectanglelabels","origin":"manual"},{"original_width":256,"original_height":256,"image_rotation":0,"value":{"x":0.7142857142857143,"y":6.6071428571428585,"width":29.464285714285715,"height":91.42857142857143,"rotation":0,"rectanglelabels":["dirt"]},"id":"rBdwbE7oiM","from_name":"label","to_name":"image","type":"rectanglelabels","origin":"manual"},{"original_width":256,"original_height":256,"image_rotation":0,"value":{"x":70.35714285714286,"y":19.28571428571429,"width":28.928571428571434,"height":78.75,"rotation":0,"rectanglelabels":["dirt"]},"id":"aBeRbamNi_","from_name":"label","to_name":"image","type":"rectanglelabels","origin":"manual"}],"was_cancelled":false,"ground_truth":false,"created_at":"2023-02-05T20:55:00.557006Z","updated_at":"2023-02-05T20:55:00.557006Z","lead_time":25.959,"prediction":{},"result_count":0,"task":856,"project":9,"parent_prediction":null,"parent_annotation":null}],"file_upload":"5fdbba9c-dirt_17.jpg","drafts":[],"predictions":[],"data":{"image":"\/data\/upload\/9\/5fdbba9c-dirt_17.jpg"},"meta":{},"created_at":"2023-02-05T20:50:45.695236Z","updated_at":"2023-02-05T20:55:00.649003Z","inner_id":18,"total_annotations":1,"cancelled_annotations":0,"total_predictions":0,"comment_count":0,"unresolved_comment_count":0,"last_comment_updated_at":null,"project":9,"updated_by":1,"comment_authors":[]},{"id":857,"annotations":[{"id":708,"completed_by":1,"result":[{"original_width":256,"original_height":256,"image_rotation":0,"value":{"x":0.35714285714285715,"y":46.785714285714285,"width":98.03571428571426,"height":51.964285714285715,"rotation":0,"rectanglelabels":["dirt"]},"id":"uAOcG63Wga","from_name":"label","to_name":"image","type":"rectanglelabels","origin":"manual"}],"was_cancelled":false,"ground_truth":false,"created_at":"2023-02-05T20:55:05.164882Z","updated_at":"2023-02-05T20:55:05.164882Z","lead_time":4.203,"prediction":{},"result_count":0,"task":857,"project":9,"parent_prediction":null,"parent_annotation":null}],"file_upload":"960f5309-dirt_18.jpg","drafts":[],"predictions":[],"data":{"image":"\/data\/upload\/9\/960f5309-dirt_18.jpg"},"meta":{},"created_at":"2023-02-05T20:50:45.695236Z","updated_at":"2023-02-05T20:55:05.236882Z","inner_id":19,"total_annotations":1,"cancelled_annotations":0,"total_predictions":0,"comment_count":0,"unresolved_comment_count":0,"last_comment_updated_at":null,"project":9,"updated_by":1,"comment_authors":[]},{"id":858,"annotations":[{"id":709,"completed_by":1,"result":[{"original_width":256,"original_height":256,"image_rotation":0,"value":{"x":0.8928571428571427,"y":0.8928571428571427,"width":97.5,"height":97.5,"rotation":0,"rectanglelabels":["dirt"]},"id":"QmlHPXjqIX","from_name":"label","to_name":"image","type":"rectanglelabels","origin":"manual"}],"was_cancelled":false,"ground_truth":false,"created_at":"2023-02-05T20:55:10.308747Z","updated_at":"2023-02-05T20:55:10.308747Z","lead_time":4.508,"prediction":{},"result_count":0,"task":858,"project":9,"parent_prediction":null,"parent_annotation":null}],"file_upload":"9d3bc73b-dirt_19.jpg","drafts":[],"predictions":[],"data":{"image":"\/data\/upload\/9\/9d3bc73b-dirt_19.jpg"},"meta":{},"created_at":"2023-02-05T20:50:45.695236Z","updated_at":"2023-02-05T20:55:10.380746Z","inner_id":20,"total_annotations":1,"cancelled_annotations":0,"total_predictions":0,"comment_count":0,"unresolved_comment_count":0,"last_comment_updated_at":null,"project":9,"updated_by":1,"comment_authors":[]}]