[{"id":859,"annotations":[{"id":710,"completed_by":1,"result":[{"original_width":256,"original_height":256,"image_rotation":0,"value":{"x":0.35714285714285715,"y":0.35714285714285715,"width":98.5714285714286,"height":98.39285714285714,"rotation":0,"rectanglelabels":["grass"]},"id":"9ff59-2c1s","from_name":"label","to_name":"image","type":"rectanglelabels","origin":"manual"}],"was_cancelled":false,"ground_truth":false,"created_at":"2023-02-05T20:55:56.885292Z","updated_at":"2023-02-05T20:55:56.885292Z","lead_time":4.683,"prediction":{},"result_count":0,"task":859,"project":10,"parent_prediction":null,"parent_annotation":null}],"file_upload":"9397c4a4-grass_0.jpg","drafts":[],"predictions":[],"data":{"image":"\/data\/upload\/10\/9397c4a4-grass_0.jpg"},"meta":{},"created_at":"2023-02-05T20:55:36.263205Z","updated_at":"2023-02-05T20:55:56.973292Z","inner_id":1,"total_annotations":1,"cancelled_annotations":0,"total_predictions":0,"comment_count":0,"unresolved_comment_count":0,"last_comment_updated_at":null,"project":10,"updated_by":1,"comment_authors":[]},{"id":860,"annotations":[{"id":711,"completed_by":1,"result":[{"original_width":256,"original_height":256,"image_rotation":0,"value":{"x":1.0714285714285714,"y":1.25,"width":97.85714285714283,"height":97.5,"rotation":0,"rectanglelabels":["grass"]},"id":"IV47hcojtC","from_name":"label","to_name":"image","type":"rectanglelabels","origin":"manual"}],"was_cancelled":false,"ground_truth":false,"created_at":"2023-02-05T20:56:01.082402Z","updated_at":"2023-02-05T20:56:01.082402Z","lead_time":3.828,"prediction":{},"result_count":0,"task":860,"project":10,"parent_prediction":null,"parent_annotation":null}],"file_upload":"1174e620-grass_1.jpg","drafts":[],"predictions":[],"data":{"image":"\/data\/upload\/10\/1174e620-grass_1.jpg"},"meta":{},"created_at":"2023-02-05T20:55:36.263205Z","updated_at":"2023-02-05T20:56:01.154420Z","inner_id":2,"total_annotations":1,"cancelled_annotations":0,"total_predictions":0,"comment_count":0,"unresolved_comment_count":0,"last_comment_updated_at":null,"project":10,"updated_by":1,"comment_authors":[]},{"id":861,"annotations":[{"id":712,"completed_by":1,"result":[{"original_width":256,"original_height":256,"image_rotation":0,"value":{"x":0.5357142857142857,"y":16.607142857142858,"width":98.39285714285714,"height":82.14285714285714,"rotation":0,"rectanglelabels":["grass"]},"id":"L3sLC57mxe","from_name":"label","to_name":"image","type":"rectanglelabels","origin":"manual"}],"was_cancelled":false,"ground_truth":false,"created_at":"2023-02-05T20:56:05.538284Z","updated_at":"2023-02-05T20:56:05.542284Z","lead_time":4.107,"prediction":{},"result_count":0,"task":861,"project":10,"parent_prediction":null,"parent_annotation":null}],"file_upload":"22865760-grass_2.jpg","drafts":[],"predictions":[],"data":{"image":"\/data\/upload\/10\/22865760-grass_2.jpg"},"meta":{},"created_at":"2023-02-05T20:55:36.263205Z","updated_at":"2023-02-05T20:56:05.618283Z","inner_id":3,"total_annotations":1,"cancelled_annotations":0,"total_predictions":0,"comment_count":0,"unresolved_comment_count":0,"last_comment_updated_at":null,"project":10,"updated_by":1,"comment_authors":[]},{"id":862,"annotations":[{"id":713,"completed_by":1,"result":[{"original_width":256,"original_height":256,"image_rotation":0,"value":{"x":1.4285714285714286,"y":33.035714285714285,"width":97.67857142857143,"height":65.71428571428571,"rotation":0,"rectanglelabels":["grass"]},"id":"o6K6RIZKjI","from_name":"label","to_name":"image","type":"rectanglelabels","origin":"manual"}],"was_cancelled":false,"ground_truth":false,"created_at":"2023-02-05T20:56:10.226159Z","updated_at":"2023-02-05T20:56:10.226159Z","lead_time":4.337,"prediction":{},"result_count":0,"task":862,"project":10,"parent_prediction":null,"parent_annotation":null}],"file_upload":"233ad32c-grass_3.jpg","drafts":[],"predictions":[],"data":{"image":"\/data\/upload\/10\/233ad32c-grass_3.jpg"},"meta":{},"created_at":"2023-02-05T20:55:36.263205Z","updated_at":"2023-02-05T20:56:10.306158Z","inner_id":4,"total_annotations":1,"cancelled_annotations":0,"total_predictions":0,"comment_count":0,"unresolved_comment_count":0,"last_comment_updated_at":null,"project":10,"updated_by":1,"comment_authors":[]},{"id":863,"annotations":[{"id":714,"completed_by":1,"result":[{"original_width":256,"original_height":256,"image_rotation":0,"value":{"x":0.8928571428571427,"y":1.4285714285714286,"width":98.39285714285714,"height":97.14285714285714,"rotation":0,"rectanglelabels":["grass"]},"id":"8ZGzcQvew9","from_name":"label","to_name":"image","type":"rectanglelabels","origin":"manual"}],"was_cancelled":false,"ground_truth":false,"created_at":"2023-02-05T20:56:15.599173Z","updated_at":"2023-02-05T20:56:15.599173Z","lead_time":5.014,"prediction":{},"result_count":0,"task":863,"project":10,"parent_prediction":null,"parent_annotation":null}],"file_upload":"394a5c9c-grass_4.jpg","drafts":[],"predictions":[],"data":{"image":"\/data\/upload\/10\/394a5c9c-grass_4.jpg"},"meta":{},"created_at":"2023-02-05T20:55:36.267205Z","updated_at":"2023-02-05T20:56:15.683168Z","inner_id":5,"total_annotations":1,"cancelled_annotations":0,"total_predictions":0,"comment_count":0,"unresolved_comment_count":0,"last_comment_updated_at":null,"project":10,"updated_by":1,"comment_authors":[]},{"id":864,"annotations":[{"id":715,"completed_by":1,"result":[{"original_width":256,"original_height":256,"image_rotation":0,"value":{"x":0.7142857142857143,"y":1.25,"width":98.21428571428571,"height":97.32142857142857,"rotation":0,"rectanglelabels":["grass"]},"id":"5vnuYw1Udv","from_name":"label","to_name":"image","type":"rectanglelabels","origin":"manual"}],"was_cancelled":false,"ground_truth":false,"created_at":"2023-02-05T20:56:20.495043Z","updated_at":"2023-02-05T20:56:20.495043Z","lead_time":4.483,"prediction":{},"result_count":0,"task":864,"project":10,"parent_prediction":null,"parent_annotation":null}],"file_upload":"2df0c0de-grass_5.jpg","drafts":[],"predictions":[],"data":{"image":"\/data\/upload\/10\/2df0c0de-grass_5.jpg"},"meta":{},"created_at":"2023-02-05T20:55:36.267205Z","updated_at":"2023-02-05T20:56:20.587038Z","inner_id":6,"total_annotations":1,"cancelled_annotations":0,"total_predictions":0,"comment_count":0,"unresolved_comment_count":0,"last_comment_updated_at":null,"project":10,"updated_by":1,"comment_authors":[]},{"id":865,"annotations":[{"id":716,"completed_by":1,"result":[{"original_width":256,"original_height":256,"image_rotation":0,"value":{"x":0.8928571428571427,"y":1.4285714285714286,"width":97.85714285714283,"height":97.14285714285714,"rotation":0,"rectanglelabels":["grass"]},"id":"C3GkhFp5om","from_name":"label","to_name":"image","type":"rectanglelabels","origin":"manual"}],"was_cancelled":false,"ground_truth":false,"created_at":"2023-02-05T20:56:24.886989Z","updated_at":"2023-02-05T20:56:24.886989Z","lead_time":4.015,"prediction":{},"result_count":0,"task":865,"project":10,"parent_prediction":null,"parent_annotation":null}],"file_upload":"1c7a9c50-grass_6.jpg","drafts":[],"predictions":[],"data":{"image":"\/data\/upload\/10\/1c7a9c50-grass_6.jpg"},"meta":{},"created_at":"2023-02-05T20:55:36.267205Z","updated_at":"2023-02-05T20:56:24.974987Z","inner_id":7,"total_annotations":1,"cancelled_annotations":0,"total_predictions":0,"comment_count":0,"unresolved_comment_count":0,"last_comment_updated_at":null,"project":10,"updated_by":1,"comment_authors":[]},{"id":866,"annotations":[{"id":717,"completed_by":1,"result":[{"original_width":256,"original_height":256,"image_rotation":0,"value":{"x":0.8928571428571427,"y":1.25,"width":97.85714285714283,"height":97.5,"rotation":0,"rectanglelabels":["grass"]},"id":"CAXOwq7FLm","from_name":"label","to_name":"image","type":"rectanglelabels","origin":"manual"}],"was_cancelled":false,"ground_truth":false,"created_at":"2023-02-05T20:56:29.585676Z","updated_at":"2023-02-05T20:56:29.585676Z","lead_time":4.328,"prediction":{},"result_count":0,"task":866,"project":10,"parent_prediction":null,"parent_annotation":null}],"file_upload":"575e6cbf-grass_7.jpg","drafts":[],"predictions":[],"data":{"image":"\/data\/upload\/10\/575e6cbf-grass_7.jpg"},"meta":{},"created_at":"2023-02-05T20:55:36.267205Z","updated_at":"2023-02-05T20:56:29.657676Z","inner_id":8,"total_annotations":1,"cancelled_annotations":0,"total_predictions":0,"comment_count":0,"unresolved_comment_count":0,"last_comment_updated_at":null,"project":10,"updated_by":1,"comment_authors":[]},{"id":867,"annotations":[{"id":718,"completed_by":1,"result":[{"original_width":256,"original_height":256,"image_rotation":0,"value":{"x":1.0714285714285714,"y":1.4285714285714286,"width":97.14285714285714,"height":97.32142857142857,"rotation":0,"rectanglelabels":["grass"]},"id":"hLlLeAtRuU","from_name":"label","to_name":"image","type":"rectanglelabels","origin":"manual"}],"was_cancelled":false,"ground_truth":false,"created_at":"2023-02-05T20:56:34.269551Z","updated_at":"2023-02-05T20:56:34.269551Z","lead_time":4.355,"prediction":{},"result_count":0,"task":867,"project":10,"parent_prediction":null,"parent_annotation":null}],"file_upload":"cf3f64e0-grass_8.jpg","drafts":[],"predictions":[],"data":{"image":"\/data\/upload\/10\/cf3f64e0-grass_8.jpg"},"meta":{},"created_at":"2023-02-05T20:55:36.267205Z","updated_at":"2023-02-05T20:56:34.345550Z","inner_id":9,"total_annotations":1,"cancelled_annotations":0,"total_predictions":0,"comment_count":0,"unresolved_comment_count":0,"last_comment_updated_at":null,"project":10,"updated_by":1,"comment_authors":[]},{"id":868,"annotations":[{"id":719,"completed_by":1,"result":[{"original_width":256,"original_height":256,"image_rotation":0,"value":{"x":0.8928571428571427,"y":0.8928571428571427,"width":97.5,"height":97.32142857142857,"rotation":0,"rectanglelabels":["grass"]},"id":"FFHMa4fpIb","from_name":"label","to_name":"image","type":"rectanglelabels","origin":"manual"}],"was_cancelled":false,"ground_truth":false,"created_at":"2023-02-05T20:56:39.585412Z","updated_at":"2023-02-05T20:56:39.585412Z","lead_time":5.019,"prediction":{},"result_count":0,"task":868,"project":10,"parent_prediction":null,"parent_annotation":null}],"file_upload":"9f072be0-grass_9.jpg","drafts":[],"predictions":[],"data":{"image":"\/data\/upload\/10\/9f072be0-grass_9.jpg"},"meta":{},"created_at":"2023-02-05T20:55:36.267205Z","updated_at":"2023-02-05T20:56:39.657412Z","inner_id":10,"total_annotations":1,"cancelled_annotations":0,"total_predictions":0,"comment_count":0,"unresolved_comment_count":0,"last_comment_updated_at":null,"project":10,"updated_by":1,"comment_authors":[]},{"id":869,"annotations":[{"id":720,"completed_by":1,"result":[{"original_width":256,"original_height":256,"image_rotation":0,"value":{"x":0,"y":18.035714285714285,"width":99.10714285714286,"height":81.07142857142857,"rotation":0,"rectanglelabels":["grass"]},"id":"xLQLt2O7sI","from_name":"label","to_name":"image","type":"rectanglelabels","origin":"manual"}],"was_cancelled":false,"ground_truth":false,"created_at":"2023-02-05T20:56:52.346180Z","updated_at":"2023-02-05T20:56:52.346180Z","lead_time":12.256,"prediction":{},"result_count":0,"task":869,"project":10,"parent_prediction":null,"parent_annotation":null}],"file_upload":"ee834172-grass_10.jpg","drafts":[],"predictions":[],"data":{"image":"\/data\/upload\/10\/ee834172-grass_10.jpg"},"meta":{},"created_at":"2023-02-05T20:55:36.267205Z","updated_at":"2023-02-05T20:56:52.410179Z","inner_id":11,"total_annotations":1,"cancelled_annotations":0,"total_predictions":0,"comment_count":0,"unresolved_comment_count":0,"last_comment_updated_at":null,"project":10,"updated_by":1,"comment_authors":[]},{"id":870,"annotations":[{"id":721,"completed_by":1,"result":[{"original_width":256,"original_height":256,"image_rotation":0,"value":{"x":1.0714285714285714,"y":0.8928571428571427,"width":97.14285714285714,"height":97.67857142857143,"rotation":0,"rectanglelabels":["grass"]},"id":"PX5O0C3H8b","from_name":"label","to_name":"image","type":"rectanglelabels","origin":"manual"}],"was_cancelled":false,"ground_truth":false,"created_at":"2023-02-05T20:56:57.912576Z","updated_at":"2023-02-05T20:56:57.912576Z","lead_time":5.291,"prediction":{},"result_count":0,"task":870,"project":10,"parent_prediction":null,"parent_annotation":null}],"file_upload":"647fdf70-grass_11.jpg","drafts":[],"predictions":[],"data":{"image":"\/data\/upload\/10\/647fdf70-grass_11.jpg"},"meta":{},"created_at":"2023-02-05T20:55:36.267205Z","updated_at":"2023-02-05T20:56:57.964575Z","inner_id":12,"total_annotations":1,"cancelled_annotations":0,"total_predictions":0,"comment_count":0,"unresolved_comment_count":0,"last_comment_updated_at":null,"project":10,"updated_by":1,"comment_authors":[]},{"id":871,"annotations":[{"id":722,"completed_by":1,"result":[{"original_width":256,"original_height":256,"image_rotation":0,"value":{"x":0.5357142857142857,"y":0.8928571428571427,"width":98.39285714285714,"height":97.85714285714283,"rotation":0,"rectanglelabels":["grass"]},"id":"WRIPEFRizn","from_name":"label","to_name":"image","type":"rectanglelabels","origin":"manual"}],"was_cancelled":false,"ground_truth":false,"created_at":"2023-02-05T20:57:02.823068Z","updated_at":"2023-02-05T20:57:02.823068Z","lead_time":4.675,"prediction":{},"result_count":0,"task":871,"project":10,"parent_prediction":null,"parent_annotation":null}],"file_upload":"db9500c6-grass_12.jpg","drafts":[],"predictions":[],"data":{"image":"\/data\/upload\/10\/db9500c6-grass_12.jpg"},"meta":{},"created_at":"2023-02-05T20:55:36.267205Z","updated_at":"2023-02-05T20:57:02.891065Z","inner_id":13,"total_annotations":1,"cancelled_annotations":0,"total_predictions":0,"comment_count":0,"unresolved_comment_count":0,"last_comment_updated_at":null,"project":10,"updated_by":1,"comment_authors":[]},{"id":872,"annotations":[{"id":723,"completed_by":1,"result":[{"original_width":256,"original_height":256,"image_rotation":0,"value":{"x":11.785714285714283,"y":5.178571428571428,"width":69.46428571428567,"height":73.57142857142856,"rotation":0,"rectanglelabels":["grass"]},"id":"16loFJlgy1","from_name":"label","to_name":"image","type":"rectanglelabels","origin":"manual"}],"was_cancelled":false,"ground_truth":false,"created_at":"2023-02-05T20:57:13.822632Z","updated_at":"2023-02-05T20:57:13.822632Z","lead_time":10.723,"prediction":{},"result_count":0,"task":872,"project":10,"parent_prediction":null,"parent_annotation":null}],"file_upload":"a186337f-grass_13.jpg","drafts":[],"predictions":[],"data":{"image":"\/data\/upload\/10\/a186337f-grass_13.jpg"},"meta":{},"created_at":"2023-02-05T20:55:36.267205Z","updated_at":"2023-02-05T20:57:13.910625Z","inner_id":14,"total_annotations":1,"cancelled_annotations":0,"total_predictions":0,"comment_count":0,"unresolved_comment_count":0,"last_comment_updated_at":null,"project":10,"updated_by":1,"comment_authors":[]},{"id":873,"annotations":[{"id":724,"completed_by":1,"result":[{"original_width":256,"original_height":256,"image_rotation":0,"value":{"x":2.500000000000002,"y":18.750000000000007,"width":95.89285714285721,"height":80.35714285714282,"rotation":0,"rectanglelabels":["grass"]},"id":"uNIgLkv3eh","from_name":"label","to_name":"image","type":"rectanglelabels","origin":"manual"}],"was_cancelled":false,"ground_truth":false,"created_at":"2023-02-05T20:57:25.127152Z","updated_at":"2023-02-05T20:57:25.127152Z","lead_time":10.922,"prediction":{},"result_count":0,"task":873,"project":10,"parent_prediction":null,"parent_annotation":null}],"file_upload":"dd7dd9cd-grass_14.jpg","drafts":[],"predictions":[],"data":{"image":"\/data\/upload\/10\/dd7dd9cd-grass_14.jpg"},"meta":{},"created_at":"2023-02-05T20:55:36.267205Z","updated_at":"2023-02-05T20:57:25.203138Z","inner_id":15,"total_annotations":1,"cancelled_annotations":0,"total_predictions":0,"comment_count":0,"unresolved_comment_count":0,"last_comment_updated_at":null,"project":10,"updated_by":1,"comment_authors":[]},{"id":874,"annotations":[{"id":725,"completed_by":1,"result":[{"original_width":256,"original_height":256,"image_rotation":0,"value":{"x":1.2499999999999991,"y":31.785714285714285,"width":97.67857142857143,"height":67.49999999999999,"rotation":0,"rectanglelabels":["grass"]},"id":"EDr6B2Yniu","from_name":"label","to_name":"image","type":"rectanglelabels","origin":"manual"}],"was_cancelled":false,"ground_truth":false,"created_at":"2023-02-05T20:57:35.109197Z","updated_at":"2023-02-05T20:57:35.109197Z","lead_time":9.648,"prediction":{},"result_count":0,"task":874,"project":10,"parent_prediction":null,"parent_annotation":null}],"file_upload":"bfb9fbc2-grass_15.jpg","drafts":[],"predictions":[],"data":{"image":"\/data\/upload\/10\/bfb9fbc2-grass_15.jpg"},"meta":{},"created_at":"2023-02-05T20:55:36.267205Z","updated_at":"2023-02-05T20:57:35.189168Z","inner_id":16,"total_annotations":1,"cancelled_annotations":0,"total_predictions":0,"comment_count":0,"unresolved_comment_count":0,"last_comment_updated_at":null,"project":10,"updated_by":1,"comment_authors":[]},{"id":875,"annotations":[{"id":726,"completed_by":1,"result":[{"original_width":256,"original_height":256,"image_rotation":0,"value":{"x":0.8928571428571427,"y":1.4285714285714286,"width":98.03571428571426,"height":97.5,"rotation":0,"rectanglelabels":["grass"]},"id":"9LQMdJOtst","from_name":"label","to_name":"image","type":"rectanglelabels","origin":"manual"}],"was_cancelled":false,"ground_truth":false,"created_at":"2023-02-05T20:57:39.933047Z","updated_at":"2023-02-05T20:57:39.933047Z","lead_time":4.416,"prediction":{},"result_count":0,"task":875,"project":10,"parent_prediction":null,"parent_annotation":null}],"file_upload":"00b5c8f6-grass_16.jpg","drafts":[],"predictions":[],"data":{"image":"\/data\/upload\/10\/00b5c8f6-grass_16.jpg"},"meta":{},"created_at":"2023-02-05T20:55:36.267205Z","updated_at":"2023-02-05T20:57:40.257036Z","inner_id":17,"total_annotations":1,"cancelled_annotations":0,"total_predictions":0,"comment_count":0,"unresolved_comment_count":0,"last_comment_updated_at":null,"project":10,"updated_by":1,"comment_authors":[]},{"id":876,"annotations":[{"id":727,"completed_by":1,"result":[{"original_width":256,"original_height":256,"image_rotation":0,"value":{"x":0.8928571428571427,"y":2.3214285714285716,"width":97.14285714285714,"height":96.07142857142857,"rotation":0,"rectanglelabels":["grass"]},"id":"kiF6m3BtuN","from_name":"label","to_name":"image","type":"rectanglelabels","origin":"manual"}],"was_cancelled":false,"ground_truth":false,"created_at":"2023-02-05T20:58:07.839113Z","updated_at":"2023-02-05T20:58:07.839113Z","lead_time":27.302,"prediction":{},"result_count":0,"task":876,"project":10,"parent_prediction":null,"parent_annotation":null}],"file_upload":"5ce6e52f-grass_17.jpg","drafts":[],"predictions":[],"data":{"image":"\/data\/upload\/10\/5ce6e52f-grass_17.jpg"},"meta":{},"created_at":"2023-02-05T20:55:36.267205Z","updated_at":"2023-02-05T20:58:08.099084Z","inner_id":18,"total_annotations":1,"cancelled_annotations":0,"total_predictions":0,"comment_count":0,"unresolved_comment_count":0,"last_comment_updated_at":null,"project":10,"updated_by":1,"comment_authors":[]},{"id":877,"annotations":[{"id":728,"completed_by":1,"result":[{"original_width":256,"original_height":256,"image_rotation":0,"value":{"x":3.928571428571433,"y":11.785714285714283,"width":90.89285714285717,"height":66.96428571428565,"rotation":0,"rectanglelabels":["grass"]},"id":"zOInYwFVzy","from_name":"label","to_name":"image","type":"rectanglelabels","origin":"manual"}],"was_cancelled":false,"ground_truth":false,"created_at":"2023-02-05T20:58:21.980828Z","updated_at":"2023-02-05T20:58:21.980828Z","lead_time":13.509,"prediction":{},"result_count":0,"task":877,"project":10,"parent_prediction":null,"parent_annotation":null}],"file_upload":"92bd0480-grass_18.jpg","drafts":[],"predictions":[],"data":{"image":"\/data\/upload\/10\/92bd0480-grass_18.jpg"},"meta":{},"created_at":"2023-02-05T20:55:36.267205Z","updated_at":"2023-02-05T20:58:22.068826Z","inner_id":19,"total_annotations":1,"cancelled_annotations":0,"total_predictions":0,"comment_count":0,"unresolved_comment_count":0,"last_comment_updated_at":null,"project":10,"updated_by":1,"comment_authors":[]},{"id":878,"annotations":[{"id":729,"completed_by":1,"result":[{"original_width":256,"original_height":256,"image_rotation":0,"value":{"x":3.0357142857142856,"y":9.821428571428575,"width":92.14285714285717,"height":90.1785714285714,"rotation":0,"rectanglelabels":["grass"]},"id":"li3cd7DaVO","from_name":"label","to_name":"image","type":"rectanglelabels","origin":"manual"}],"was_cancelled":false,"ground_truth":false,"created_at":"2023-02-05T20:58:31.910845Z","updated_at":"2023-02-05T20:58:31.910845Z","lead_time":9.18,"prediction":{},"result_count":0,"task":878,"project":10,"parent_prediction":null,"parent_annotation":null}],"file_upload":"0a300ccb-grass_19.jpg","drafts":[],"predictions":[],"data":{"image":"\/data\/upload\/10\/0a300ccb-grass_19.jpg"},"meta":{},"created_at":"2023-02-05T20:55:36.267205Z","updated_at":"2023-02-05T20:58:31.986842Z","inner_id":20,"total_annotations":1,"cancelled_annotations":0,"total_predictions":0,"comment_count":0,"unresolved_comment_count":0,"last_comment_updated_at":null,"project":10,"updated_by":1,"comment_authors":[]}]