[{"id":879,"annotations":[{"id":730,"completed_by":1,"result":[{"original_width":720,"original_height":540,"image_rotation":0,"value":{"x":14.190093708165998,"y":41.60714285714286,"width":17.13520749665328,"height":16.428571428571427,"rotation":0,"rectanglelabels":["rock"]},"id":"1NioOjuasw","from_name":"label","to_name":"image","type":"rectanglelabels","origin":"manual"},{"original_width":720,"original_height":540,"image_rotation":0,"value":{"x":22.356091030789834,"y":54.99999999999992,"width":20.080321285140556,"height":9.821428571428564,"rotation":0,"rectanglelabels":["rock"]},"id":"7XEixmjfp7","from_name":"label","to_name":"image","type":"rectanglelabels","origin":"manual"},{"original_width":720,"original_height":540,"image_rotation":0,"value":{"x":44.176706827309246,"y":45.892857142857146,"width":22.62382864792501,"height":19.107142857142865,"rotation":0,"rectanglelabels":["rock"]},"id":"2ZAzRFSJse","from_name":"label","to_name":"image","type":"rectanglelabels","origin":"manual"},{"original_width":720,"original_height":540,"image_rotation":0,"value":{"x":65.86345381526104,"y":47.5,"width":13.520749665327976,"height":14.464285714285717,"rotation":0,"rectanglelabels":["rock"]},"id":"NnuQ4il93I","from_name":"label","to_name":"image","type":"rectanglelabels","origin":"manual"},{"original_width":720,"original_height":540,"image_rotation":0,"value":{"x":71.88755020080325,"y":42.142857142857146,"width":17.670682730923684,"height":14.464285714285705,"rotation":0,"rectanglelabels":["rock"]},"id":"GC2IfgWYjJ","from_name":"label","to_name":"image","type":"rectanglelabels","origin":"manual"},{"original_width":720,"original_height":540,"image_rotation":0,"value":{"x":0.3424657534246575,"y":70.77625570776246,"width":53.42465753424658,"height":28.53881278538815,"rotation":0,"rectanglelabels":["grass"]},"id":"qzg-Y6rvj5","from_name":"label","to_name":"image","type":"rectanglelabels","origin":"manual"},{"original_width":720,"original_height":540,"image_rotation":0,"value":{"x":53.5958904109589,"y":69.63470319634703,"width":19.69178082191781,"height":24.65753424657534,"rotation":0,"rectanglelabels":["grass"]},"id":"44Br1TcmJF","from_name":"label","to_name":"image","type":"rectanglelabels","origin":"manual"},{"original_width":720,"original_height":540,"image_rotation":0,"value":{"x":73.28767123287656,"y":66.43835616438353,"width":26.027397260273958,"height":17.351598173516038,"rotation":0,"rectanglelabels":["grass"]},"id":"1jWeH2utL_","from_name":"label","to_name":"image","type":"rectanglelabels","origin":"manual"},{"original_width":720,"original_height":540,"image_rotation":0,"value":{"x":64.38356164383562,"y":27.625570776255714,"width":35.44520547945205,"height":14.840182648401822,"rotation":0,"rectanglelabels":["grass"]},"id":"2NkGLX5l9N","from_name":"label","to_name":"image","type":"rectanglelabels","origin":"manual"},{"original_width":720,"original_height":540,"image_rotation":0,"value":{"x":0.5136986301369865,"y":43.15068493150684,"width":13.184931506849312,"height":26.71232876712329,"rotation":0,"rectanglelabels":["grass"]},"id":"ZyUfUilf6S","from_name":"label","to_name":"image","type":"rectanglelabels","origin":"manual"}],"was_cancelled":false,"ground_truth":false,"created_at":"2023-02-05T21:01:59.367268Z","updated_at":"2023-02-07T17:38:48.596642Z","lead_time":188.57,"prediction":{},"result_count":0,"task":879,"project":11,"parent_prediction":null,"parent_annotation":null}],"file_upload":"586f5c95-rock_5.jpg","drafts":[],"predictions":[],"data":{"image":"\/data\/upload\/11\/586f5c95-rock_5.jpg"},"meta":{},"created_at":"2023-02-05T21:00:35.371262Z","updated_at":"2023-02-07T17:38:48.640735Z","inner_id":1,"total_annotations":1,"cancelled_annotations":0,"total_predictions":0,"comment_count":0,"unresolved_comment_count":0,"last_comment_updated_at":null,"project":11,"updated_by":1,"comment_authors":[]},{"id":880,"annotations":[{"id":731,"completed_by":1,"result":[{"original_width":448,"original_height":252,"image_rotation":0,"value":{"x":0.3424657534246575,"y":33.130699088145896,"width":34.93150684931508,"height":33.738601823708244,"rotation":0,"rectanglelabels":["rock"]},"id":"0KKcbDDDHo","from_name":"label","to_name":"image","type":"rectanglelabels","origin":"manual"},{"original_width":448,"original_height":252,"image_rotation":0,"value":{"x":35.61643835616443,"y":29.787234042553138,"width":63.86986301369863,"height":41.33738601823707,"rotation":0,"rectanglelabels":["rock"]},"id":"U5CjUaedAI","from_name":"label","to_name":"image","type":"rectanglelabels","origin":"manual"},{"original_width":448,"original_height":252,"image_rotation":0,"value":{"x":0.8561643835616438,"y":67.47720364741642,"width":98.8013698630137,"height":32.21884498480243,"rotation":0,"rectanglelabels":["grass"]},"id":"wy_TfsRNnt","from_name":"label","to_name":"image","type":"rectanglelabels","origin":"manual"}],"was_cancelled":false,"ground_truth":false,"created_at":"2023-02-05T21:02:20.008864Z","updated_at":"2023-02-07T17:38:55.198257Z","lead_time":68.403,"prediction":{},"result_count":0,"task":880,"project":11,"parent_prediction":null,"parent_annotation":null}],"file_upload":"5924d707-rock_9.jpg","drafts":[],"predictions":[],"data":{"image":"\/data\/upload\/11\/5924d707-rock_9.jpg"},"meta":{},"created_at":"2023-02-05T21:00:35.371262Z","updated_at":"2023-02-07T17:38:55.232396Z","inner_id":2,"total_annotations":1,"cancelled_annotations":0,"total_predictions":0,"comment_count":0,"unresolved_comment_count":0,"last_comment_updated_at":null,"project":11,"updated_by":1,"comment_authors":[]},{"id":881,"annotations":[{"id":732,"completed_by":1,"result":[{"original_width":560,"original_height":420,"image_rotation":0,"value":{"x":66.78082191780823,"y":31.27853881278539,"width":32.87671232876712,"height":53.19634703196348,"rotation":0,"rectanglelabels":["rock"]},"id":"2HKiYfadQs","from_name":"label","to_name":"image","type":"rectanglelabels","origin":"manual"},{"original_width":560,"original_height":420,"image_rotation":0,"value":{"x":36.98630136986301,"y":24.885844748858453,"width":30.308219178082187,"height":34.703196347031955,"rotation":0,"rectanglelabels":["rock"]},"id":"5tEwtpVdds","from_name":"label","to_name":"image","type":"rectanglelabels","origin":"manual"},{"original_width":560,"original_height":420,"image_rotation":0,"value":{"x":4.109589041095892,"y":26.94063926940638,"width":32.87671232876717,"height":18.721461187214608,"rotation":0,"rectanglelabels":["rock"]},"id":"aXButJVGy6","from_name":"label","to_name":"image","type":"rectanglelabels","origin":"manual"},{"original_width":560,"original_height":420,"image_rotation":0,"value":{"x":0.684931506849315,"y":77.39726027397262,"width":98.97260273972609,"height":22.602739726027373,"rotation":0,"rectanglelabels":["dirt"]},"id":"YHk0-TFzwA","from_name":"label","to_name":"image","type":"rectanglelabels","origin":"manual"},{"original_width":560,"original_height":420,"image_rotation":0,"value":{"x":0.3424657534246575,"y":46.5753424657534,"width":72.26027397260279,"height":31.506849315068468,"rotation":0,"rectanglelabels":["dirt"]},"id":"WEQmwvmZgf","from_name":"label","to_name":"image","type":"rectanglelabels","origin":"manual"},{"original_width":560,"original_height":420,"image_rotation":0,"value":{"x":0.3424657534246575,"y":34.93150684931507,"width":25.68493150684932,"height":10.045662100456621,"rotation":0,"rectanglelabels":["dirt"]},"id":"kqPdd1dgh2","from_name":"label","to_name":"image","type":"rectanglelabels","origin":"manual"}],"was_cancelled":false,"ground_truth":false,"created_at":"2023-02-05T21:02:56.994099Z","updated_at":"2023-02-07T17:40:41.477175Z","lead_time":140.92499999999998,"prediction":{},"result_count":0,"task":881,"project":11,"parent_prediction":null,"parent_annotation":null}],"file_upload":"d6363560-rock_10.jpg","drafts":[],"predictions":[],"data":{"image":"\/data\/upload\/11\/d6363560-rock_10.jpg"},"meta":{},"created_at":"2023-02-05T21:00:35.371262Z","updated_at":"2023-02-07T17:40:41.515815Z","inner_id":3,"total_annotations":1,"cancelled_annotations":0,"total_predictions":0,"comment_count":0,"unresolved_comment_count":0,"last_comment_updated_at":null,"project":11,"updated_by":1,"comment_authors":[]},{"id":882,"annotations":[{"id":733,"completed_by":1,"result":[{"original_width":736,"original_height":552,"image_rotation":0,"value":{"x":24.36412315930386,"y":54.464285714285744,"width":26.77376171352074,"height":23.035714285714285,"rotation":0,"rectanglelabels":["rock"]},"id":"mHi21CkdG4","from_name":"label","to_name":"image","type":"rectanglelabels","origin":"manual"},{"original_width":736,"original_height":552,"image_rotation":0,"value":{"x":45.24765729585002,"y":59.642857142857146,"width":38.68808567603747,"height":22.857142857142865,"rotation":0,"rectanglelabels":["rock"]},"id":"6afCizwDor","from_name":"label","to_name":"image","type":"rectanglelabels","origin":"manual"}],"was_cancelled":false,"ground_truth":false,"created_at":"2023-02-05T21:03:27.390009Z","updated_at":"2023-02-05T21:03:27.390009Z","lead_time":30.015,"prediction":{},"result_count":0,"task":882,"project":11,"parent_prediction":null,"parent_annotation":null}],"file_upload":"015b3745-rock_15.jpg","drafts":[],"predictions":[],"data":{"image":"\/data\/upload\/11\/015b3745-rock_15.jpg"},"meta":{},"created_at":"2023-02-05T21:00:35.371262Z","updated_at":"2023-02-05T21:03:27.458005Z","inner_id":4,"total_annotations":1,"cancelled_annotations":0,"total_predictions":0,"comment_count":0,"unresolved_comment_count":0,"last_comment_updated_at":null,"project":11,"updated_by":1,"comment_authors":[]},{"id":883,"annotations":[{"id":734,"completed_by":1,"result":[{"original_width":260,"original_height":194,"image_rotation":0,"value":{"x":0.9320905459387483,"y":0,"width":97.86950732356857,"height":98.21428571428571,"rotation":0,"rectanglelabels":["rock"]},"id":"r_XG3FmZqt","from_name":"label","to_name":"image","type":"rectanglelabels","origin":"manual"}],"was_cancelled":false,"ground_truth":false,"created_at":"2023-02-05T21:03:34.853810Z","updated_at":"2023-02-05T21:03:34.853810Z","lead_time":7.116,"prediction":{},"result_count":0,"task":883,"project":11,"parent_prediction":null,"parent_annotation":null}],"file_upload":"26c47f2a-rock_18.jpg","drafts":[],"predictions":[],"data":{"image":"\/data\/upload\/11\/26c47f2a-rock_18.jpg"},"meta":{},"created_at":"2023-02-05T21:00:35.375261Z","updated_at":"2023-02-05T21:03:34.917808Z","inner_id":5,"total_annotations":1,"cancelled_annotations":0,"total_predictions":0,"comment_count":0,"unresolved_comment_count":0,"last_comment_updated_at":null,"project":11,"updated_by":1,"comment_authors":[]},{"id":884,"annotations":[{"id":735,"completed_by":1,"result":[{"original_width":749,"original_height":562,"image_rotation":0,"value":{"x":9.383378016085787,"y":27.678571428571402,"width":60.99195710455759,"height":70.71428571428565,"rotation":0,"rectanglelabels":["rock"]},"id":"0N5AaMvQ8e","from_name":"label","to_name":"image","type":"rectanglelabels","origin":"manual"},{"original_width":749,"original_height":562,"image_rotation":0,"value":{"x":43.29758713136722,"y":3.7499999999999942,"width":50.134048257372555,"height":54.464285714285566,"rotation":0,"rectanglelabels":["rock"]},"id":"-OV2OV5ye7","from_name":"label","to_name":"image","type":"rectanglelabels","origin":"manual"},{"original_width":749,"original_height":562,"image_rotation":0,"value":{"x":0.17123287671232865,"y":7.990867579908647,"width":9.760273972602736,"height":91.3242009132418,"rotation":0,"rectanglelabels":["grass"]},"id":"AAyZaojN-P","from_name":"label","to_name":"image","type":"rectanglelabels","origin":"manual"},{"original_width":749,"original_height":562,"image_rotation":0,"value":{"x":68.15068493150683,"y":61.41552511415517,"width":31.164383561643834,"height":38.58447488584471,"rotation":0,"rectanglelabels":["grass"]},"id":"rgcPUHkLjw","from_name":"label","to_name":"image","type":"rectanglelabels","origin":"manual"},{"original_width":749,"original_height":562,"image_rotation":0,"value":{"x":9.589041095890392,"y":1.1415525114155207,"width":32.534246575342415,"height":30.821917808219197,"rotation":0,"rectanglelabels":["grass"]},"id":"CNQdx9ej45","from_name":"label","to_name":"image","type":"rectanglelabels","origin":"manual"}],"was_cancelled":false,"ground_truth":false,"created_at":"2023-02-05T21:04:11.309924Z","updated_at":"2023-02-07T17:41:42.238029Z","lead_time":91.851,"prediction":{},"result_count":0,"task":884,"project":11,"parent_prediction":null,"parent_annotation":null}],"file_upload":"4707d280-rock_24.jpg","drafts":[],"predictions":[],"data":{"image":"\/data\/upload\/11\/4707d280-rock_24.jpg"},"meta":{},"created_at":"2023-02-05T21:00:35.375261Z","updated_at":"2023-02-07T17:41:42.274663Z","inner_id":6,"total_annotations":1,"cancelled_annotations":0,"total_predictions":0,"comment_count":0,"unresolved_comment_count":0,"last_comment_updated_at":null,"project":11,"updated_by":1,"comment_authors":[]},{"id":885,"annotations":[{"id":736,"completed_by":1,"result":[{"original_width":800,"original_height":400,"image_rotation":0,"value":{"x":16.279069767441875,"y":15.205724508050107,"width":63.77459749552768,"height":81.75313059033999,"rotation":0,"rectanglelabels":["rock"]},"id":"t-3LJ8GoDy","from_name":"label","to_name":"image","type":"rectanglelabels","origin":"manual"},{"original_width":800,"original_height":400,"image_rotation":0,"value":{"x":29.96422182468695,"y":0.8944543828264762,"width":35.24150268336314,"height":22.89803220035779,"rotation":0,"rectanglelabels":["rock"]},"id":"qnIjpd1gs8","from_name":"label","to_name":"image","type":"rectanglelabels","origin":"manual"},{"original_width":800,"original_height":400,"image_rotation":0,"value":{"x":0.17123287671232876,"y":23.630136986301356,"width":17.46575342465754,"height":76.36986301369856,"rotation":0,"rectanglelabels":["grass"]},"id":"YUNBbljqBv","from_name":"label","to_name":"image","type":"rectanglelabels","origin":"manual"},{"original_width":800,"original_height":400,"image_rotation":0,"value":{"x":65.23972602739725,"y":1.0273972602739725,"width":34.41780821917808,"height":49.315068493150676,"rotation":0,"rectanglelabels":["grass"]},"id":"xdRB5IaU79","from_name":"label","to_name":"image","type":"rectanglelabels","origin":"manual"},{"original_width":800,"original_height":400,"image_rotation":0,"value":{"x":78.08219178082192,"y":51.02739726027396,"width":21.91780821917808,"height":47.602739726027345,"rotation":0,"rectanglelabels":["grass"]},"id":"cD1aucY6k9","from_name":"label","to_name":"image","type":"rectanglelabels","origin":"manual"}],"was_cancelled":false,"ground_truth":false,"created_at":"2023-02-05T21:04:40.807377Z","updated_at":"2023-02-07T17:42:07.212505Z","lead_time":51.772000000000006,"prediction":{},"result_count":0,"task":885,"project":11,"parent_prediction":null,"parent_annotation":null}],"file_upload":"8fc142e8-rock_35.jpg","drafts":[],"predictions":[],"data":{"image":"\/data\/upload\/11\/8fc142e8-rock_35.jpg"},"meta":{},"created_at":"2023-02-05T21:00:35.375261Z","updated_at":"2023-02-07T17:42:07.248687Z","inner_id":7,"total_annotations":1,"cancelled_annotations":0,"total_predictions":0,"comment_count":0,"unresolved_comment_count":0,"last_comment_updated_at":null,"project":11,"updated_by":1,"comment_authors":[]},{"id":886,"annotations":[{"id":737,"completed_by":1,"result":[{"original_width":1000,"original_height":667,"image_rotation":0,"value":{"x":0.23809523809523808,"y":58.0357142857143,"width":99.52380952380953,"height":41.42857142857143,"rotation":0,"rectanglelabels":["rock"]},"id":"k045QhJ4Ue","from_name":"label","to_name":"image","type":"rectanglelabels","origin":"manual"},{"original_width":1000,"original_height":667,"image_rotation":0,"value":{"x":0.3424657534246575,"y":1.0256410256410255,"width":99.65753424657534,"height":56.205127422626205,"rotation":0,"rectanglelabels":["grass"]},"id":"A3xbSwgzsS","from_name":"label","to_name":"image","type":"rectanglelabels","origin":"manual"}],"was_cancelled":false,"ground_truth":false,"created_at":"2023-02-05T21:04:47.836504Z","updated_at":"2023-02-07T17:42:13.327153Z","lead_time":11.530000000000001,"prediction":{},"result_count":0,"task":886,"project":11,"parent_prediction":null,"parent_annotation":null}],"file_upload":"b4082383-rock_42.jpg","drafts":[],"predictions":[],"data":{"image":"\/data\/upload\/11\/b4082383-rock_42.jpg"},"meta":{},"created_at":"2023-02-05T21:00:35.375261Z","updated_at":"2023-02-07T17:42:13.359349Z","inner_id":8,"total_annotations":1,"cancelled_annotations":0,"total_predictions":0,"comment_count":0,"unresolved_comment_count":0,"last_comment_updated_at":null,"project":11,"updated_by":1,"comment_authors":[]},{"id":887,"annotations":[{"id":738,"completed_by":1,"result":[{"original_width":600,"original_height":900,"image_rotation":0,"value":{"x":36.72922252010723,"y":37.32142857142857,"width":63.270777479892715,"height":32.85714285714279,"rotation":0,"rectanglelabels":["rock"]},"id":"WC5s-g5XHf","from_name":"label","to_name":"image","type":"rectanglelabels","origin":"manual"},{"original_width":600,"original_height":900,"image_rotation":0,"value":{"x":31.367292225201066,"y":15.357142857142858,"width":50.402144772117964,"height":24.464285714285708,"rotation":0,"rectanglelabels":["rock"]},"id":"8l4lB4y3gU","from_name":"label","to_name":"image","type":"rectanglelabels","origin":"manual"},{"original_width":600,"original_height":900,"image_rotation":0,"value":{"x":1.0723860589812333,"y":0.17857142857142858,"width":97.05093833780161,"height":19.642857142857142,"rotation":0,"rectanglelabels":["grass"]},"id":"EFtweLW36i","from_name":"label","to_name":"image","type":"rectanglelabels","origin":"manual"},{"original_width":600,"original_height":900,"image_rotation":0,"value":{"x":0.8042895442359249,"y":20.357142857142858,"width":32.43967828418231,"height":72.5,"rotation":0,"rectanglelabels":["grass"]},"id":"HfYhlVGU3H","from_name":"label","to_name":"image","type":"rectanglelabels","origin":"manual"},{"original_width":600,"original_height":900,"image_rotation":0,"value":{"x":34.048257372654156,"y":71.07142857142857,"width":65.68364611260054,"height":23.214285714285715,"rotation":0,"rectanglelabels":["grass"]},"id":"3F9RCAp8Om","from_name":"label","to_name":"image","type":"rectanglelabels","origin":"manual"}],"was_cancelled":false,"ground_truth":false,"created_at":"2023-02-05T21:05:19.313765Z","updated_at":"2023-02-07T17:42:31.909251Z","lead_time":47.638,"prediction":{},"result_count":0,"task":887,"project":11,"parent_prediction":null,"parent_annotation":null}],"file_upload":"47a76f73-rock_46.jpg","drafts":[],"predictions":[],"data":{"image":"\/data\/upload\/11\/47a76f73-rock_46.jpg"},"meta":{},"created_at":"2023-02-05T21:00:35.375261Z","updated_at":"2023-02-07T17:42:31.947151Z","inner_id":9,"total_annotations":1,"cancelled_annotations":0,"total_predictions":0,"comment_count":0,"unresolved_comment_count":0,"last_comment_updated_at":null,"project":11,"updated_by":1,"comment_authors":[]},{"id":888,"annotations":[{"id":739,"completed_by":1,"result":[{"original_width":688,"original_height":344,"image_rotation":0,"value":{"x":46.86940966010727,"y":33.09481216457959,"width":48.568872987477675,"height":56.529516994633276,"rotation":0,"rectanglelabels":["rock"]},"id":"DBKKUB4b8e","from_name":"label","to_name":"image","type":"rectanglelabels","origin":"manual"},{"original_width":688,"original_height":344,"image_rotation":0,"value":{"x":35.688729874776385,"y":2.683363148479425,"width":23.613595706618963,"height":28.44364937388194,"rotation":0,"rectanglelabels":["rock"]},"id":"hb0R3viZx1","from_name":"label","to_name":"image","type":"rectanglelabels","origin":"manual"},{"original_width":688,"original_height":344,"image_rotation":0,"value":{"x":0.5136986301369862,"y":0.3424657534246575,"width":34.93150684931507,"height":98.97260273972603,"rotation":0,"rectanglelabels":["grass"]},"id":"EWoe6tlioF","from_name":"label","to_name":"image","type":"rectanglelabels","origin":"manual"},{"original_width":688,"original_height":344,"image_rotation":0,"value":{"x":59.58904109589041,"y":1.36986301369863,"width":39.8972602739726,"height":39.04109589041096,"rotation":0,"rectanglelabels":["grass"]},"id":"cDQvkOo6Tw","from_name":"label","to_name":"image","type":"rectanglelabels","origin":"manual"},{"original_width":688,"original_height":344,"image_rotation":0,"value":{"x":35.95890410958904,"y":52.73972602739726,"width":12.5,"height":46.57534246575342,"rotation":0,"rectanglelabels":["grass"]},"id":"DRd8JIBYtX","from_name":"label","to_name":"image","type":"rectanglelabels","origin":"manual"},{"original_width":688,"original_height":344,"image_rotation":0,"value":{"x":49.315068493150676,"y":80.47945205479449,"width":49.65753424657533,"height":19.178082191780806,"rotation":0,"rectanglelabels":["grass"]},"id":"F2vBa2lyOd","from_name":"label","to_name":"image","type":"rectanglelabels","origin":"manual"}],"was_cancelled":false,"ground_truth":false,"created_at":"2023-02-05T21:05:43.277108Z","updated_at":"2023-02-07T17:43:17.142071Z","lead_time":65.527,"prediction":{},"result_count":0,"task":888,"project":11,"parent_prediction":null,"parent_annotation":null}],"file_upload":"d76d6491-rock_55.jpg","drafts":[],"predictions":[],"data":{"image":"\/data\/upload\/11\/d76d6491-rock_55.jpg"},"meta":{},"created_at":"2023-02-05T21:00:35.375261Z","updated_at":"2023-02-07T17:43:17.177172Z","inner_id":10,"total_annotations":1,"cancelled_annotations":0,"total_predictions":0,"comment_count":0,"unresolved_comment_count":0,"last_comment_updated_at":null,"project":11,"updated_by":1,"comment_authors":[]},{"id":889,"annotations":[{"id":740,"completed_by":1,"result":[{"original_width":1067,"original_height":800,"image_rotation":0,"value":{"x":7.764390896921015,"y":18.214285714285687,"width":87.95180722891557,"height":74.82142857142853,"rotation":0,"rectanglelabels":["rock"]},"id":"OOjVDtQM6g","from_name":"label","to_name":"image","type":"rectanglelabels","origin":"manual"},{"original_width":1067,"original_height":800,"image_rotation":0,"value":{"x":74.56492637215524,"y":0.5357142857142848,"width":25.03346720214196,"height":56.96428571428567,"rotation":0,"rectanglelabels":["rock"]},"id":"5W2rSPkkPG","from_name":"label","to_name":"image","type":"rectanglelabels","origin":"manual"}],"was_cancelled":false,"ground_truth":false,"created_at":"2023-02-05T21:06:11.144154Z","updated_at":"2023-02-05T21:06:11.144154Z","lead_time":27.531,"prediction":{},"result_count":0,"task":889,"project":11,"parent_prediction":null,"parent_annotation":null}],"file_upload":"bb6c9df8-rock_59.jpg","drafts":[],"predictions":[],"data":{"image":"\/data\/upload\/11\/bb6c9df8-rock_59.jpg"},"meta":{},"created_at":"2023-02-05T21:00:35.375261Z","updated_at":"2023-02-05T21:06:11.208125Z","inner_id":11,"total_annotations":1,"cancelled_annotations":0,"total_predictions":0,"comment_count":0,"unresolved_comment_count":0,"last_comment_updated_at":null,"project":11,"updated_by":1,"comment_authors":[]},{"id":890,"annotations":[{"id":741,"completed_by":1,"result":[{"original_width":200,"original_height":133,"image_rotation":0,"value":{"x":27.07838479809974,"y":26.964285714285687,"width":48.337292161520175,"height":40.178571428571395,"rotation":0,"rectanglelabels":["rock"]},"id":"5tjRII6Q7Y","from_name":"label","to_name":"image","type":"rectanglelabels","origin":"manual"}],"was_cancelled":false,"ground_truth":false,"created_at":"2023-02-05T21:06:25.109498Z","updated_at":"2023-02-05T21:06:25.109498Z","lead_time":13.675,"prediction":{},"result_count":0,"task":890,"project":11,"parent_prediction":null,"parent_annotation":null}],"file_upload":"be480474-rock_61.jpg","drafts":[],"predictions":[],"data":{"image":"\/data\/upload\/11\/be480474-rock_61.jpg"},"meta":{},"created_at":"2023-02-05T21:00:35.375261Z","updated_at":"2023-02-05T21:06:25.165514Z","inner_id":12,"total_annotations":1,"cancelled_annotations":0,"total_predictions":0,"comment_count":0,"unresolved_comment_count":0,"last_comment_updated_at":null,"project":11,"updated_by":1,"comment_authors":[]},{"id":891,"annotations":[{"id":742,"completed_by":1,"result":[{"original_width":259,"original_height":194,"image_rotation":0,"value":{"x":0.53475935828877,"y":1.0714285714285714,"width":98.52941176470588,"height":97.32142857142857,"rotation":0,"rectanglelabels":["rock"]},"id":"GFQseKh7je","from_name":"label","to_name":"image","type":"rectanglelabels","origin":"manual"}],"was_cancelled":false,"ground_truth":false,"created_at":"2023-02-05T21:06:30.841178Z","updated_at":"2023-02-05T21:06:30.841178Z","lead_time":5.452,"prediction":{},"result_count":0,"task":891,"project":11,"parent_prediction":null,"parent_annotation":null}],"file_upload":"eca0a8b2-rock_62.jpg","drafts":[],"predictions":[],"data":{"image":"\/data\/upload\/11\/eca0a8b2-rock_62.jpg"},"meta":{},"created_at":"2023-02-05T21:00:35.375261Z","updated_at":"2023-02-05T21:06:30.897145Z","inner_id":13,"total_annotations":1,"cancelled_annotations":0,"total_predictions":0,"comment_count":0,"unresolved_comment_count":0,"last_comment_updated_at":null,"project":11,"updated_by":1,"comment_authors":[]},{"id":892,"annotations":[{"id":743,"completed_by":1,"result":[{"original_width":1200,"original_height":779,"image_rotation":0,"value":{"x":44.61181923522599,"y":20.89285714285715,"width":45.42294322132094,"height":65.53571428571428,"rotation":0,"rectanglelabels":["rock"]},"id":"lDplfh-S5A","from_name":"label","to_name":"image","type":"rectanglelabels","origin":"manual"},{"original_width":1200,"original_height":779,"image_rotation":0,"value":{"x":1.5410958904109586,"y":45.38258575197888,"width":43.835616438356176,"height":53.56200527704491,"rotation":0,"rectanglelabels":["grass"]},"id":"w1oXeymG90","from_name":"label","to_name":"image","type":"rectanglelabels","origin":"manual"},{"original_width":1200,"original_height":779,"image_rotation":0,"value":{"x":81.67808219178076,"y":56.46437994722955,"width":18.321917808219172,"height":41.952506596306115,"rotation":0,"rectanglelabels":["grass"]},"id":"95TS7lO6Pl","from_name":"label","to_name":"image","type":"rectanglelabels","origin":"manual"},{"original_width":1200,"original_height":779,"image_rotation":0,"value":{"x":45.71917808219173,"y":81.53034300791556,"width":35.445205479452014,"height":17.941952506596277,"rotation":0,"rectanglelabels":["grass"]},"id":"vPTY3DfNnY","from_name":"label","to_name":"image","type":"rectanglelabels","origin":"manual"}],"was_cancelled":false,"ground_truth":false,"created_at":"2023-02-05T21:06:42.489253Z","updated_at":"2023-02-07T17:43:50.299861Z","lead_time":37.656,"prediction":{},"result_count":0,"task":892,"project":11,"parent_prediction":null,"parent_annotation":null}],"file_upload":"70a3a351-rock_63.jpg","drafts":[],"predictions":[],"data":{"image":"\/data\/upload\/11\/70a3a351-rock_63.jpg"},"meta":{},"created_at":"2023-02-05T21:00:35.375261Z","updated_at":"2023-02-07T17:43:50.335610Z","inner_id":14,"total_annotations":1,"cancelled_annotations":0,"total_predictions":0,"comment_count":0,"unresolved_comment_count":0,"last_comment_updated_at":null,"project":11,"updated_by":1,"comment_authors":[]},{"id":893,"annotations":[{"id":744,"completed_by":1,"result":[{"original_width":300,"original_height":168,"image_rotation":0,"value":{"x":0.1,"y":1.0714285714285714,"width":99.5,"height":97.5,"rotation":0,"rectanglelabels":["rock"]},"id":"mo7UfRXSS5","from_name":"label","to_name":"image","type":"rectanglelabels","origin":"manual"}],"was_cancelled":false,"ground_truth":false,"created_at":"2023-02-05T21:06:47.364632Z","updated_at":"2023-02-05T21:06:47.364632Z","lead_time":4.631,"prediction":{},"result_count":0,"task":893,"project":11,"parent_prediction":null,"parent_annotation":null}],"file_upload":"4d85ef10-rock_64.jpg","drafts":[],"predictions":[],"data":{"image":"\/data\/upload\/11\/4d85ef10-rock_64.jpg"},"meta":{},"created_at":"2023-02-05T21:00:35.375261Z","updated_at":"2023-02-05T21:06:47.424629Z","inner_id":15,"total_annotations":1,"cancelled_annotations":0,"total_predictions":0,"comment_count":0,"unresolved_comment_count":0,"last_comment_updated_at":null,"project":11,"updated_by":1,"comment_authors":[]},{"id":894,"annotations":[{"id":745,"completed_by":1,"result":[{"original_width":640,"original_height":480,"image_rotation":0,"value":{"x":0.4016064257028112,"y":0.8928571428571427,"width":98.52744310575636,"height":98.39285714285714,"rotation":0,"rectanglelabels":["rock"]},"id":"z3QQzUo3nm","from_name":"label","to_name":"image","type":"rectanglelabels","origin":"manual"}],"was_cancelled":false,"ground_truth":false,"created_at":"2023-02-05T21:06:52.755500Z","updated_at":"2023-02-05T21:06:52.755500Z","lead_time":5.109,"prediction":{},"result_count":0,"task":894,"project":11,"parent_prediction":null,"parent_annotation":null}],"file_upload":"2452d860-rock_65.jpg","drafts":[],"predictions":[],"data":{"image":"\/data\/upload\/11\/2452d860-rock_65.jpg"},"meta":{},"created_at":"2023-02-05T21:00:35.375261Z","updated_at":"2023-02-05T21:06:52.819497Z","inner_id":16,"total_annotations":1,"cancelled_annotations":0,"total_predictions":0,"comment_count":0,"unresolved_comment_count":0,"last_comment_updated_at":null,"project":11,"updated_by":1,"comment_authors":[]},{"id":895,"annotations":[{"id":746,"completed_by":1,"result":[{"original_width":318,"original_height":159,"image_rotation":0,"value":{"x":0.4472271914132379,"y":0.7155635062611807,"width":98.65831842576029,"height":97.85330948121646,"rotation":0,"rectanglelabels":["rock"]},"id":"8caUwfMKkV","from_name":"label","to_name":"image","type":"rectanglelabels","origin":"manual"}],"was_cancelled":false,"ground_truth":false,"created_at":"2023-02-05T21:07:01.124406Z","updated_at":"2023-02-05T21:07:01.128406Z","lead_time":8.101,"prediction":{},"result_count":0,"task":895,"project":11,"parent_prediction":null,"parent_annotation":null}],"file_upload":"fe9567a9-rock_66.jpg","drafts":[],"predictions":[],"data":{"image":"\/data\/upload\/11\/fe9567a9-rock_66.jpg"},"meta":{},"created_at":"2023-02-05T21:00:35.375261Z","updated_at":"2023-02-05T21:07:01.196409Z","inner_id":17,"total_annotations":1,"cancelled_annotations":0,"total_predictions":0,"comment_count":0,"unresolved_comment_count":0,"last_comment_updated_at":null,"project":11,"updated_by":1,"comment_authors":[]},{"id":896,"annotations":[{"id":747,"completed_by":1,"result":[{"original_width":275,"original_height":183,"image_rotation":0,"value":{"x":0.7125890736342043,"y":0.7142857142857143,"width":98.45605700712589,"height":98.03571428571426,"rotation":0,"rectanglelabels":["rock"]},"id":"ZYXy0oOJlS","from_name":"label","to_name":"image","type":"rectanglelabels","origin":"manual"}],"was_cancelled":false,"ground_truth":false,"created_at":"2023-02-05T21:07:05.707705Z","updated_at":"2023-02-05T21:07:05.707705Z","lead_time":4.255,"prediction":{},"result_count":0,"task":896,"project":11,"parent_prediction":null,"parent_annotation":null}],"file_upload":"a4148003-rock_67.jpg","drafts":[],"predictions":[],"data":{"image":"\/data\/upload\/11\/a4148003-rock_67.jpg"},"meta":{},"created_at":"2023-02-05T21:00:35.375261Z","updated_at":"2023-02-05T21:07:05.783703Z","inner_id":18,"total_annotations":1,"cancelled_annotations":0,"total_predictions":0,"comment_count":0,"unresolved_comment_count":0,"last_comment_updated_at":null,"project":11,"updated_by":1,"comment_authors":[]},{"id":897,"annotations":[{"id":748,"completed_by":1,"result":[{"original_width":960,"original_height":1280,"image_rotation":0,"value":{"x":0.9523809523809523,"y":0.8928571428571427,"width":97.14285714285714,"height":21.428571428571427,"rotation":0,"rectanglelabels":["rock"]},"id":"FbdFTLrVpQ","from_name":"label","to_name":"image","type":"rectanglelabels","origin":"manual"},{"original_width":960,"original_height":1280,"image_rotation":0,"value":{"x":15.476190476190483,"y":34.821428571428505,"width":48.571428571428584,"height":51.96428571428573,"rotation":0,"rectanglelabels":["rock"]},"id":"0h6bGGI1Il","from_name":"label","to_name":"image","type":"rectanglelabels","origin":"manual"},{"original_width":960,"original_height":1280,"image_rotation":0,"value":{"x":65.71428571428567,"y":22.857142857142858,"width":33.571428571428584,"height":76.07142857142861,"rotation":0,"rectanglelabels":["rock"]},"id":"5CMFLgX60d","from_name":"label","to_name":"image","type":"rectanglelabels","origin":"manual"},{"original_width":960,"original_height":1280,"image_rotation":0,"value":{"x":0,"y":23.035714285714285,"width":15,"height":75.71428571428571,"rotation":0,"rectanglelabels":["rock"]},"id":"7Qr9Uiq6N1","from_name":"label","to_name":"image","type":"rectanglelabels","origin":"manual"}],"was_cancelled":false,"ground_truth":false,"created_at":"2023-02-05T21:07:42.606519Z","updated_at":"2023-02-05T21:07:42.606519Z","lead_time":36.576,"prediction":{},"result_count":0,"task":897,"project":11,"parent_prediction":null,"parent_annotation":null}],"file_upload":"c1fbf185-rock_69.jpg","drafts":[],"predictions":[],"data":{"image":"\/data\/upload\/11\/c1fbf185-rock_69.jpg"},"meta":{},"created_at":"2023-02-05T21:00:35.375261Z","updated_at":"2023-02-05T21:07:42.678516Z","inner_id":19,"total_annotations":1,"cancelled_annotations":0,"total_predictions":0,"comment_count":0,"unresolved_comment_count":0,"last_comment_updated_at":null,"project":11,"updated_by":1,"comment_authors":[]},{"id":898,"annotations":[{"id":749,"completed_by":1,"result":[{"original_width":900,"original_height":600,"image_rotation":0,"value":{"x":54.40476190476185,"y":9.464285714285714,"width":39.88095238095231,"height":42.50000000000001,"rotation":0,"rectanglelabels":["rock"]},"id":"q7vSImj2Xl","from_name":"label","to_name":"image","type":"rectanglelabels","origin":"manual"},{"original_width":900,"original_height":600,"image_rotation":0,"value":{"x":0.17123287671232876,"y":1.0282776349614395,"width":54.452054794520535,"height":97.17223650385604,"rotation":0,"rectanglelabels":["grass"]},"id":"mUhNnALDdW","from_name":"label","to_name":"image","type":"rectanglelabels","origin":"manual"},{"original_width":900,"original_height":600,"image_rotation":0,"value":{"x":55.308219178082055,"y":48.58611825192801,"width":44.00684931506844,"height":51.15681233933164,"rotation":0,"rectanglelabels":["grass"]},"id":"_t_5AyLIx8","from_name":"label","to_name":"image","type":"rectanglelabels","origin":"manual"}],"was_cancelled":false,"ground_truth":false,"created_at":"2023-02-05T21:07:53.310752Z","updated_at":"2023-02-07T17:44:10.646611Z","lead_time":27.958000000000002,"prediction":{},"result_count":0,"task":898,"project":11,"parent_prediction":null,"parent_annotation":null}],"file_upload":"a8d887b9-rock_73.jpg","drafts":[],"predictions":[],"data":{"image":"\/data\/upload\/11\/a8d887b9-rock_73.jpg"},"meta":{},"created_at":"2023-02-05T21:00:35.375261Z","updated_at":"2023-02-07T17:44:10.683092Z","inner_id":20,"total_annotations":1,"cancelled_annotations":0,"total_predictions":0,"comment_count":0,"unresolved_comment_count":0,"last_comment_updated_at":null,"project":11,"updated_by":1,"comment_authors":[]}]