[{"id":899,"annotations":[{"id":750,"completed_by":1,"result":[{"original_width":400,"original_height":400,"image_rotation":0,"value":{"x":43.214285714285715,"y":69.10714285714286,"width":4.821428571428572,"height":15,"rotation":0,"rectanglelabels":["tree"]},"id":"5JpweNE7-4","from_name":"label","to_name":"image","type":"rectanglelabels","origin":"manual"},{"original_width":400,"original_height":400,"image_rotation":0,"value":{"x":49.82142857142857,"y":69.82142857142857,"width":3.392857142857143,"height":12.142857142857142,"rotation":0,"rectanglelabels":["tree"]},"id":"G1YPYStYh4","from_name":"label","to_name":"image","type":"rectanglelabels","origin":"manual"}],"was_cancelled":false,"ground_truth":false,"created_at":"2023-02-05T21:11:27.078662Z","updated_at":"2023-02-05T21:11:27.078662Z","lead_time":23.638,"prediction":{},"result_count":0,"task":899,"project":12,"parent_prediction":null,"parent_annotation":null}],"file_upload":"6ebbf99e-tree_0.jpg","drafts":[],"predictions":[],"data":{"image":"\/data\/upload\/12\/6ebbf99e-tree_0.jpg"},"meta":{},"created_at":"2023-02-05T21:10:45.792145Z","updated_at":"2023-02-05T21:11:27.307739Z","inner_id":1,"total_annotations":1,"cancelled_annotations":0,"total_predictions":0,"comment_count":0,"unresolved_comment_count":0,"last_comment_updated_at":null,"project":12,"updated_by":1,"comment_authors":[]},{"id":900,"annotations":[{"id":751,"completed_by":1,"result":[{"original_width":2448,"original_height":2448,"image_rotation":0,"value":{"x":48.57142857142854,"y":25.892857142857125,"width":11.607142857142854,"height":41.250000000000036,"rotation":0,"rectanglelabels":["tree"]},"id":"hg8jGv4USN","from_name":"label","to_name":"image","type":"rectanglelabels","origin":"manual"},{"original_width":2448,"original_height":2448,"image_rotation":0,"value":{"x":33.03571428571423,"y":29.107142857142776,"width":14.64285714285709,"height":37.14285714285713,"rotation":0,"rectanglelabels":["tree"]},"id":"AbBMuekIF1","from_name":"label","to_name":"image","type":"rectanglelabels","origin":"manual"},{"original_width":2448,"original_height":2448,"image_rotation":0,"value":{"x":0,"y":58.92857142857143,"width":30.357142857142858,"height":40.92857088361468,"rotation":0,"rectanglelabels":["grass"]},"id":"cXA6xbbhNV","from_name":"label","to_name":"image","type":"rectanglelabels","origin":"manual"},{"original_width":2448,"original_height":2448,"image_rotation":0,"value":{"x":30.892857142857142,"y":65.89285714285714,"width":68.39285714285714,"height":33.75,"rotation":0,"rectanglelabels":["grass"]},"id":"y4Lgonx6VM","from_name":"label","to_name":"image","type":"rectanglelabels","origin":"manual"},{"original_width":2448,"original_height":2448,"image_rotation":0,"value":{"x":76.60714285714286,"y":58.214285714285715,"width":22.857142857142858,"height":7.678571428571429,"rotation":0,"rectanglelabels":["grass"]},"id":"qbQ1x77q_7","from_name":"label","to_name":"image","type":"rectanglelabels","origin":"manual"}],"was_cancelled":false,"ground_truth":false,"created_at":"2023-02-05T21:12:09.672474Z","updated_at":"2023-02-13T21:08:55.774779Z","lead_time":72.833,"prediction":{},"result_count":0,"task":900,"project":12,"parent_prediction":null,"parent_annotation":null}],"file_upload":"c53a2822-tree_1.jpg","drafts":[],"predictions":[],"data":{"image":"\/data\/upload\/12\/c53a2822-tree_1.jpg"},"meta":{},"created_at":"2023-02-05T21:10:45.792145Z","updated_at":"2023-02-13T21:08:55.816435Z","inner_id":2,"total_annotations":1,"cancelled_annotations":0,"total_predictions":0,"comment_count":0,"unresolved_comment_count":0,"last_comment_updated_at":null,"project":12,"updated_by":2,"comment_authors":[]},{"id":901,"annotations":[{"id":752,"completed_by":1,"result":[{"original_width":2121,"original_height":1414,"image_rotation":0,"value":{"x":59.04761904761898,"y":59.82142857142855,"width":10.119047619047675,"height":21.071428571428577,"rotation":0,"rectanglelabels":["tree"]},"id":"u-3S9qKby0","from_name":"label","to_name":"image","type":"rectanglelabels","origin":"manual"},{"original_width":2121,"original_height":1414,"image_rotation":0,"value":{"x":48.33333333333332,"y":56.249999999999964,"width":10.595238095238106,"height":16.785714285714274,"rotation":0,"rectanglelabels":["tree"]},"id":"4rLKhw-oHD","from_name":"label","to_name":"image","type":"rectanglelabels","origin":"manual"},{"original_width":2121,"original_height":1414,"image_rotation":0,"value":{"x":0.684931506849315,"y":64.78149100257069,"width":38.35616438356164,"height":34.447300771208226,"rotation":0,"rectanglelabels":["grass"]},"id":"878EwznXf0","from_name":"label","to_name":"image","type":"rectanglelabels","origin":"manual"},{"original_width":2121,"original_height":1414,"image_rotation":0,"value":{"x":39.726027397260296,"y":82.77634961439597,"width":59.76027397260274,"height":16.45244215938304,"rotation":0,"rectanglelabels":["grass"]},"id":"wuMGM1C816","from_name":"label","to_name":"image","type":"rectanglelabels","origin":"manual"}],"was_cancelled":false,"ground_truth":false,"created_at":"2023-02-05T21:12:50.969626Z","updated_at":"2023-02-13T21:09:23.808325Z","lead_time":67.436,"prediction":{},"result_count":0,"task":901,"project":12,"parent_prediction":null,"parent_annotation":null}],"file_upload":"8b5ae5ab-tree_2.jpg","drafts":[],"predictions":[],"data":{"image":"\/data\/upload\/12\/8b5ae5ab-tree_2.jpg"},"meta":{},"created_at":"2023-02-05T21:10:45.792145Z","updated_at":"2023-02-13T21:09:23.845998Z","inner_id":3,"total_annotations":1,"cancelled_annotations":0,"total_predictions":0,"comment_count":0,"unresolved_comment_count":0,"last_comment_updated_at":null,"project":12,"updated_by":2,"comment_authors":[]},{"id":902,"annotations":[{"id":753,"completed_by":1,"result":[{"original_width":1589,"original_height":1080,"image_rotation":0,"value":{"x":5.3398058252427205,"y":50.357142857142854,"width":24.87864077669902,"height":41.9642857142857,"rotation":0,"rectanglelabels":["tree"]},"id":"Ct8wbJVisw","from_name":"label","to_name":"image","type":"rectanglelabels","origin":"manual"},{"original_width":1589,"original_height":1080,"image_rotation":0,"value":{"x":30.993150684931507,"y":78.33753148614602,"width":68.66438356164377,"height":20.906801007556567,"rotation":0,"rectanglelabels":["grass"]},"id":"L96aPuwdnf","from_name":"label","to_name":"image","type":"rectanglelabels","origin":"manual"}],"was_cancelled":false,"ground_truth":false,"created_at":"2023-02-05T21:13:04.970950Z","updated_at":"2023-02-13T21:09:37.367315Z","lead_time":25.433999999999997,"prediction":{},"result_count":0,"task":902,"project":12,"parent_prediction":null,"parent_annotation":null}],"file_upload":"c9428030-tree_3.jpg","drafts":[],"predictions":[],"data":{"image":"\/data\/upload\/12\/c9428030-tree_3.jpg"},"meta":{},"created_at":"2023-02-05T21:10:45.792145Z","updated_at":"2023-02-13T21:09:37.406883Z","inner_id":4,"total_annotations":1,"cancelled_annotations":0,"total_predictions":0,"comment_count":0,"unresolved_comment_count":0,"last_comment_updated_at":null,"project":12,"updated_by":2,"comment_authors":[]},{"id":903,"annotations":[{"id":754,"completed_by":1,"result":[{"original_width":3300,"original_height":4200,"image_rotation":0,"value":{"x":41.13636363636366,"y":43.21428571428572,"width":15.227272727272723,"height":16.249999999999993,"rotation":0,"rectanglelabels":["tree"]},"id":"JTgBferqs_","from_name":"label","to_name":"image","type":"rectanglelabels","origin":"manual"},{"original_width":3300,"original_height":4200,"image_rotation":0,"value":{"x":33.863636363636374,"y":69.99999999999991,"width":22.045454545454547,"height":29.642857142857125,"rotation":0,"rectanglelabels":["rock"]},"id":"YshU6EcWxw","from_name":"label","to_name":"image","type":"rectanglelabels","origin":"manual"}],"was_cancelled":false,"ground_truth":false,"created_at":"2023-02-05T21:13:21.680005Z","updated_at":"2023-02-13T21:09:56.605145Z","lead_time":32.559,"prediction":{},"result_count":0,"task":903,"project":12,"parent_prediction":null,"parent_annotation":null}],"file_upload":"2f398b2f-tree_4.jpg","drafts":[],"predictions":[],"data":{"image":"\/data\/upload\/12\/2f398b2f-tree_4.jpg"},"meta":{},"created_at":"2023-02-05T21:10:45.792145Z","updated_at":"2023-02-13T21:09:56.645398Z","inner_id":5,"total_annotations":1,"cancelled_annotations":0,"total_predictions":0,"comment_count":0,"unresolved_comment_count":0,"last_comment_updated_at":null,"project":12,"updated_by":2,"comment_authors":[]},{"id":904,"annotations":[{"id":755,"completed_by":1,"result":[{"original_width":800,"original_height":505,"image_rotation":0,"value":{"x":45.32130777903044,"y":0.7142857142857142,"width":16.685456595264938,"height":59.28571428571422,"rotation":0,"rectanglelabels":["tree"]},"id":"4kY4HSm4V2","from_name":"label","to_name":"image","type":"rectanglelabels","origin":"manual"},{"original_width":800,"original_height":505,"image_rotation":0,"value":{"x":0.5136986301369862,"y":84.01084010840108,"width":99.14383561643835,"height":15.176151761517616,"rotation":0,"rectanglelabels":["grass"]},"id":"lubaW-9Pkq","from_name":"label","to_name":"image","type":"rectanglelabels","origin":"manual"}],"was_cancelled":false,"ground_truth":false,"created_at":"2023-02-05T21:13:37.237388Z","updated_at":"2023-02-13T21:10:07.453200Z","lead_time":24.428,"prediction":{},"result_count":0,"task":904,"project":12,"parent_prediction":null,"parent_annotation":null}],"file_upload":"9297a451-tree_5.jpg","drafts":[],"predictions":[],"data":{"image":"\/data\/upload\/12\/9297a451-tree_5.jpg"},"meta":{},"created_at":"2023-02-05T21:10:45.792145Z","updated_at":"2023-02-13T21:10:07.492598Z","inner_id":6,"total_annotations":1,"cancelled_annotations":0,"total_predictions":0,"comment_count":0,"unresolved_comment_count":0,"last_comment_updated_at":null,"project":12,"updated_by":2,"comment_authors":[]},{"id":905,"annotations":[{"id":756,"completed_by":1,"result":[{"original_width":500,"original_height":338,"image_rotation":0,"value":{"x":13.647342995169081,"y":55.892857142857146,"width":6.642512077294686,"height":25,"rotation":0,"rectanglelabels":["tree"]},"id":"d8qEzLKcYW","from_name":"label","to_name":"image","type":"rectanglelabels","origin":"manual"},{"original_width":500,"original_height":338,"image_rotation":0,"value":{"x":49.31506849315068,"y":62.278481012658226,"width":50.34246575342467,"height":36.455696202531655,"rotation":0,"rectanglelabels":["grass"]},"id":"2A12Y6oovZ","from_name":"label","to_name":"image","type":"rectanglelabels","origin":"manual"},{"original_width":500,"original_height":338,"image_rotation":0,"value":{"x":20.89041095890411,"y":63.037974683544306,"width":28.08219178082192,"height":17.21518987341772,"rotation":0,"rectanglelabels":["grass"]},"id":"M8-qIG-wtl","from_name":"label","to_name":"image","type":"rectanglelabels","origin":"manual"}],"was_cancelled":false,"ground_truth":false,"created_at":"2023-02-05T21:13:48.233218Z","updated_at":"2023-02-13T21:10:19.634045Z","lead_time":21.521,"prediction":{},"result_count":0,"task":905,"project":12,"parent_prediction":null,"parent_annotation":null}],"file_upload":"c1aaffad-tree_6.jpg","drafts":[],"predictions":[],"data":{"image":"\/data\/upload\/12\/c1aaffad-tree_6.jpg"},"meta":{},"created_at":"2023-02-05T21:10:45.792145Z","updated_at":"2023-02-13T21:10:19.673066Z","inner_id":7,"total_annotations":1,"cancelled_annotations":0,"total_predictions":0,"comment_count":0,"unresolved_comment_count":0,"last_comment_updated_at":null,"project":12,"updated_by":2,"comment_authors":[]},{"id":906,"annotations":[{"id":757,"completed_by":1,"result":[{"original_width":1000,"original_height":667,"image_rotation":0,"value":{"x":31.785714285714285,"y":27.85714285714285,"width":18.809523809523768,"height":28.392857142857135,"rotation":0,"rectanglelabels":["tree"]},"id":"oXTVn3vESw","from_name":"label","to_name":"image","type":"rectanglelabels","origin":"manual"},{"original_width":1000,"original_height":667,"image_rotation":0,"value":{"x":51.369863013698556,"y":59.487179487179446,"width":48.11643835616446,"height":40.256410256410234,"rotation":0,"rectanglelabels":["grass"]},"id":"twaZ3EnB2B","from_name":"label","to_name":"image","type":"rectanglelabels","origin":"manual"},{"original_width":1000,"original_height":667,"image_rotation":0,"value":{"x":0.8561643835616438,"y":78.46153846153848,"width":49.31506849315068,"height":20.76923076923077,"rotation":0,"rectanglelabels":["grass"]},"id":"WgljDXZQxs","from_name":"label","to_name":"image","type":"rectanglelabels","origin":"manual"}],"was_cancelled":false,"ground_truth":false,"created_at":"2023-02-05T21:14:02.518420Z","updated_at":"2023-02-13T21:10:38.044932Z","lead_time":30.675,"prediction":{},"result_count":0,"task":906,"project":12,"parent_prediction":null,"parent_annotation":null}],"file_upload":"b69fff9d-tree_7.jpg","drafts":[],"predictions":[],"data":{"image":"\/data\/upload\/12\/b69fff9d-tree_7.jpg"},"meta":{},"created_at":"2023-02-05T21:10:45.792145Z","updated_at":"2023-02-13T21:10:38.087083Z","inner_id":8,"total_annotations":1,"cancelled_annotations":0,"total_predictions":0,"comment_count":0,"unresolved_comment_count":0,"last_comment_updated_at":null,"project":12,"updated_by":2,"comment_authors":[]},{"id":907,"annotations":[{"id":758,"completed_by":1,"result":[{"original_width":1000,"original_height":1333,"image_rotation":0,"value":{"x":0,"y":51.428571428571395,"width":26.904761904761866,"height":47.67857142857129,"rotation":0,"rectanglelabels":["tree"]},"id":"2PlQzR1Su_","from_name":"label","to_name":"image","type":"rectanglelabels","origin":"manual"},{"original_width":1000,"original_height":1333,"image_rotation":0,"value":{"x":35.476190476190474,"y":65.89285714285714,"width":4.761904761904762,"height":14.285714285714283,"rotation":0,"rectanglelabels":["tree"]},"id":"KVPOdd0urg","from_name":"label","to_name":"image","type":"rectanglelabels","origin":"manual"},{"original_width":1000,"original_height":1333,"image_rotation":0,"value":{"x":70.95238095238095,"y":68.39285714285711,"width":8.095238095238038,"height":11.071428571428564,"rotation":0,"rectanglelabels":["tree"]},"id":"64767QK5mi","from_name":"label","to_name":"image","type":"rectanglelabels","origin":"manual"}],"was_cancelled":false,"ground_truth":false,"created_at":"2023-02-05T21:14:27.116263Z","updated_at":"2023-02-05T21:14:27.116263Z","lead_time":24.274,"prediction":{},"result_count":0,"task":907,"project":12,"parent_prediction":null,"parent_annotation":null}],"file_upload":"b093affc-tree_8.jpg","drafts":[],"predictions":[],"data":{"image":"\/data\/upload\/12\/b093affc-tree_8.jpg"},"meta":{},"created_at":"2023-02-05T21:10:45.792145Z","updated_at":"2023-02-05T21:14:27.188241Z","inner_id":9,"total_annotations":1,"cancelled_annotations":0,"total_predictions":0,"comment_count":0,"unresolved_comment_count":0,"last_comment_updated_at":null,"project":12,"updated_by":1,"comment_authors":[]},{"id":908,"annotations":[{"id":759,"completed_by":1,"result":[{"original_width":1800,"original_height":1200,"image_rotation":0,"value":{"x":47.50000000000001,"y":53.75000000000002,"width":3.0952380952380816,"height":25.357142857142847,"rotation":0,"rectanglelabels":["tree"]},"id":"oljBLXm0k7","from_name":"label","to_name":"image","type":"rectanglelabels","origin":"manual"},{"original_width":1800,"original_height":1200,"image_rotation":0,"value":{"x":0,"y":61.95372750642674,"width":45.20547945205478,"height":37.017994858611814,"rotation":0,"rectanglelabels":["grass"]},"id":"zAsjb9aq2W","from_name":"label","to_name":"image","type":"rectanglelabels","origin":"manual"},{"original_width":1800,"original_height":1200,"image_rotation":0,"value":{"x":52.73972602739726,"y":65.55269922879178,"width":46.4041095890411,"height":33.676092544987156,"rotation":0,"rectanglelabels":["grass"]},"id":"cuWzIm-EUd","from_name":"label","to_name":"image","type":"rectanglelabels","origin":"manual"},{"original_width":1800,"original_height":1200,"image_rotation":0,"value":{"x":29.965753424657564,"y":79.69151670951126,"width":37.49999999999992,"height":12.339331619537237,"rotation":0,"rectanglelabels":["dirt"]},"id":"jKyNMG5hIl","from_name":"label","to_name":"image","type":"rectanglelabels","origin":"manual"}],"was_cancelled":false,"ground_truth":false,"created_at":"2023-02-05T21:14:36.581400Z","updated_at":"2023-02-13T21:11:06.168398Z","lead_time":31.823,"prediction":{},"result_count":0,"task":908,"project":12,"parent_prediction":null,"parent_annotation":null}],"file_upload":"56d7b778-tree_9.jpg","drafts":[],"predictions":[],"data":{"image":"\/data\/upload\/12\/56d7b778-tree_9.jpg"},"meta":{},"created_at":"2023-02-05T21:10:45.796172Z","updated_at":"2023-02-13T21:11:06.208661Z","inner_id":10,"total_annotations":1,"cancelled_annotations":0,"total_predictions":0,"comment_count":0,"unresolved_comment_count":0,"last_comment_updated_at":null,"project":12,"updated_by":2,"comment_authors":[]},{"id":909,"annotations":[{"id":760,"completed_by":1,"result":[{"original_width":640,"original_height":427,"image_rotation":0,"value":{"x":12.991656734207389,"y":60.892857142857146,"width":5.8402860548271756,"height":19.28571428571429,"rotation":0,"rectanglelabels":["tree"]},"id":"Kb7MenTFWN","from_name":"label","to_name":"image","type":"rectanglelabels","origin":"manual"},{"original_width":640,"original_height":427,"image_rotation":0,"value":{"x":27.413587604290818,"y":58.74999999999997,"width":3.814064362336108,"height":11.428571428571432,"rotation":0,"rectanglelabels":["tree"]},"id":"MZ4LcEaRWk","from_name":"label","to_name":"image","type":"rectanglelabels","origin":"manual"},{"original_width":640,"original_height":427,"image_rotation":0,"value":{"x":88.20023837902265,"y":63.03571428571429,"width":11.442193087008373,"height":29.821428571428573,"rotation":0,"rectanglelabels":["tree"]},"id":"ngh6MAcrq1","from_name":"label","to_name":"image","type":"rectanglelabels","origin":"manual"},{"original_width":640,"original_height":427,"image_rotation":0,"value":{"x":74.01668653158521,"y":58.75000000000002,"width":3.933253873659119,"height":16.60714285714286,"rotation":0,"rectanglelabels":["tree"]},"id":"XY-sqgF1i0","from_name":"label","to_name":"image","type":"rectanglelabels","origin":"manual"},{"original_width":640,"original_height":427,"image_rotation":0,"value":{"x":66.03098927294398,"y":55.35714285714287,"width":3.098927294398093,"height":11.964285714285717,"rotation":0,"rectanglelabels":["tree"]},"id":"5mO8HskJ4D","from_name":"label","to_name":"image","type":"rectanglelabels","origin":"manual"},{"original_width":640,"original_height":427,"image_rotation":0,"value":{"x":31.823599523241956,"y":58.21428571428571,"width":2.7413587604290823,"height":6.7857142857142865,"rotation":0,"rectanglelabels":["tree"]},"id":"KG6tPJSUPH","from_name":"label","to_name":"image","type":"rectanglelabels","origin":"manual"},{"original_width":640,"original_height":427,"image_rotation":0,"value":{"x":36.94874851013112,"y":54.4642857142857,"width":1.3110846245530394,"height":6.428571428571427,"rotation":0,"rectanglelabels":["tree"]},"id":"jH3pe7x0G8","from_name":"label","to_name":"image","type":"rectanglelabels","origin":"manual"},{"original_width":640,"original_height":427,"image_rotation":0,"value":{"x":64.00476758045292,"y":56.25,"width":2.0262216924910614,"height":8.214285714285714,"rotation":0,"rectanglelabels":["tree"]},"id":"mzFhvNFEgt","from_name":"label","to_name":"image","type":"rectanglelabels","origin":"manual"},{"original_width":640,"original_height":427,"image_rotation":0,"value":{"x":1.198630136986306,"y":58.717948717948595,"width":88.86986301369855,"height":41.28205128205118,"rotation":0,"rectanglelabels":["grass"]},"id":"KTGfCYrxSP","from_name":"label","to_name":"image","type":"rectanglelabels","origin":"manual"}],"was_cancelled":false,"ground_truth":false,"created_at":"2023-02-05T21:15:19.844685Z","updated_at":"2023-02-13T21:11:33.667166Z","lead_time":66.14,"prediction":{},"result_count":0,"task":909,"project":12,"parent_prediction":null,"parent_annotation":null}],"file_upload":"86e964df-tree_10.jpg","drafts":[],"predictions":[],"data":{"image":"\/data\/upload\/12\/86e964df-tree_10.jpg"},"meta":{},"created_at":"2023-02-05T21:10:45.796172Z","updated_at":"2023-02-13T21:11:33.707009Z","inner_id":11,"total_annotations":1,"cancelled_annotations":0,"total_predictions":0,"comment_count":0,"unresolved_comment_count":0,"last_comment_updated_at":null,"project":12,"updated_by":2,"comment_authors":[]},{"id":910,"annotations":[{"id":761,"completed_by":1,"result":[{"original_width":3200,"original_height":1800,"image_rotation":0,"value":{"x":58.83534136546183,"y":85.17857142857143,"width":2.610441767068273,"height":12.142857142857144,"rotation":0,"rectanglelabels":["tree"]},"id":"qiZCWkQDX4","from_name":"label","to_name":"image","type":"rectanglelabels","origin":"manual"},{"original_width":3200,"original_height":1800,"image_rotation":0,"value":{"x":0.17123287671232876,"y":87.23404255319151,"width":58.56164383561644,"height":11.55015197568389,"rotation":0,"rectanglelabels":["grass"]},"id":"qKYGO3ZMPW","from_name":"label","to_name":"image","type":"rectanglelabels","origin":"manual"}],"was_cancelled":false,"ground_truth":false,"created_at":"2023-02-05T21:15:26.581325Z","updated_at":"2023-02-13T21:11:41.944766Z","lead_time":13.33,"prediction":{},"result_count":0,"task":910,"project":12,"parent_prediction":null,"parent_annotation":null}],"file_upload":"573ab71a-tree_11.jpg","drafts":[],"predictions":[],"data":{"image":"\/data\/upload\/12\/573ab71a-tree_11.jpg"},"meta":{},"created_at":"2023-02-05T21:10:45.796172Z","updated_at":"2023-02-13T21:11:41.979782Z","inner_id":12,"total_annotations":1,"cancelled_annotations":0,"total_predictions":0,"comment_count":0,"unresolved_comment_count":0,"last_comment_updated_at":null,"project":12,"updated_by":2,"comment_authors":[]},{"id":911,"annotations":[{"id":762,"completed_by":1,"result":[{"original_width":2136,"original_height":2848,"image_rotation":0,"value":{"x":60.71428571428571,"y":57.32142857142857,"width":14.047619047619047,"height":17.5,"rotation":0,"rectanglelabels":["tree"]},"id":"KSX80JFnbF","from_name":"label","to_name":"image","type":"rectanglelabels","origin":"manual"},{"original_width":2136,"original_height":2848,"image_rotation":0,"value":{"x":2.1428571428571415,"y":66.60714285714288,"width":57.85714285714283,"height":7.321428571428563,"rotation":0,"rectanglelabels":["grass"]},"id":"D5YB4uV1qo","from_name":"label","to_name":"image","type":"rectanglelabels","origin":"manual"},{"original_width":2136,"original_height":2848,"image_rotation":0,"value":{"x":76.90476190476186,"y":69.99999999999999,"width":22.619047619047606,"height":7.321428571428537,"rotation":0,"rectanglelabels":["grass"]},"id":"9xG64wdNTV","from_name":"label","to_name":"image","type":"rectanglelabels","origin":"manual"}],"was_cancelled":false,"ground_truth":false,"created_at":"2023-02-05T21:15:34.308520Z","updated_at":"2023-02-13T21:12:09.930639Z","lead_time":33.855000000000004,"prediction":{},"result_count":0,"task":911,"project":12,"parent_prediction":null,"parent_annotation":null}],"file_upload":"38e51650-tree_12.jpg","drafts":[],"predictions":[],"data":{"image":"\/data\/upload\/12\/38e51650-tree_12.jpg"},"meta":{},"created_at":"2023-02-05T21:10:45.796172Z","updated_at":"2023-02-13T21:12:09.968472Z","inner_id":13,"total_annotations":1,"cancelled_annotations":0,"total_predictions":0,"comment_count":0,"unresolved_comment_count":0,"last_comment_updated_at":null,"project":12,"updated_by":2,"comment_authors":[]},{"id":912,"annotations":[{"id":763,"completed_by":1,"result":[{"original_width":2504,"original_height":1674,"image_rotation":0,"value":{"x":20.76372315035799,"y":44.82142857142853,"width":23.03102625298331,"height":24.821428571428566,"rotation":0,"rectanglelabels":["tree"]},"id":"ZV6Vlph3kL","from_name":"label","to_name":"image","type":"rectanglelabels","origin":"manual"},{"original_width":2504,"original_height":1674,"image_rotation":0,"value":{"x":1.0291595197255576,"y":68.46153846153848,"width":98.28473413379074,"height":29.487179487179485,"rotation":0,"rectanglelabels":["grass"]},"id":"U5P-ajiJMx","from_name":"label","to_name":"image","type":"rectanglelabels","origin":"manual"},{"original_width":2504,"original_height":1674,"image_rotation":0,"value":{"x":47.16981132075472,"y":41.025641025641015,"width":50.943396226415096,"height":25.641025641025642,"rotation":0,"rectanglelabels":["grass"]},"id":"r9QITgfiM5","from_name":"label","to_name":"image","type":"rectanglelabels","origin":"manual"},{"original_width":2504,"original_height":1674,"image_rotation":0,"value":{"x":1.0291595197255576,"y":45.64102564102564,"width":18.867924528301888,"height":22.05128205128205,"rotation":0,"rectanglelabels":["grass"]},"id":"nBQaX0Pfe3","from_name":"label","to_name":"image","type":"rectanglelabels","origin":"manual"}],"was_cancelled":false,"ground_truth":false,"created_at":"2023-02-05T21:15:41.328382Z","updated_at":"2023-02-13T21:12:29.749246Z","lead_time":24.883,"prediction":{},"result_count":0,"task":912,"project":12,"parent_prediction":null,"parent_annotation":null}],"file_upload":"086bf676-tree_13.jpg","drafts":[],"predictions":[],"data":{"image":"\/data\/upload\/12\/086bf676-tree_13.jpg"},"meta":{},"created_at":"2023-02-05T21:10:45.796172Z","updated_at":"2023-02-13T21:12:29.788090Z","inner_id":14,"total_annotations":1,"cancelled_annotations":0,"total_predictions":0,"comment_count":0,"unresolved_comment_count":0,"last_comment_updated_at":null,"project":12,"updated_by":2,"comment_authors":[]},{"id":913,"annotations":[{"id":764,"completed_by":1,"result":[{"original_width":569,"original_height":705,"image_rotation":0,"value":{"x":5.530973451327434,"y":61.250000000000014,"width":12.389380530973451,"height":32.5,"rotation":0,"rectanglelabels":["tree"]},"id":"PkUtOb-MSf","from_name":"label","to_name":"image","type":"rectanglelabels","origin":"manual"},{"original_width":569,"original_height":705,"image_rotation":0,"value":{"x":83.1858407079646,"y":51.7857142857143,"width":11.946902654867257,"height":39.82142857142857,"rotation":0,"rectanglelabels":["tree"]},"id":"W018cfrccq","from_name":"label","to_name":"image","type":"rectanglelabels","origin":"manual"},{"original_width":569,"original_height":705,"image_rotation":0,"value":{"x":18.36283185840708,"y":57.32142857142857,"width":7.300884955752212,"height":31.428571428571427,"rotation":0,"rectanglelabels":["tree"]},"id":"O2PlnJuwwH","from_name":"label","to_name":"image","type":"rectanglelabels","origin":"manual"},{"original_width":569,"original_height":705,"image_rotation":0,"value":{"x":69.91150442477874,"y":55.71428571428573,"width":7.964601769911462,"height":31.964285714285722,"rotation":0,"rectanglelabels":["tree"]},"id":"ZMhbtqKyb1","from_name":"label","to_name":"image","type":"rectanglelabels","origin":"manual"},{"original_width":569,"original_height":705,"image_rotation":0,"value":{"x":65.0442477876106,"y":58.214285714285715,"width":5.3097345132743365,"height":29.107142857142858,"rotation":0,"rectanglelabels":["tree"]},"id":"JkogRxMjXU","from_name":"label","to_name":"image","type":"rectanglelabels","origin":"manual"},{"original_width":569,"original_height":705,"image_rotation":0,"value":{"x":25.221238938053098,"y":55.35714285714287,"width":5.3097345132743365,"height":31.25,"rotation":0,"rectanglelabels":["tree"]},"id":"x-conufvkd","from_name":"label","to_name":"image","type":"rectanglelabels","origin":"manual"},{"original_width":569,"original_height":705,"image_rotation":0,"value":{"x":57.743362831858406,"y":65.35714285714286,"width":2.8761061946902653,"height":20.535714285714285,"rotation":0,"rectanglelabels":["tree"]},"id":"l5Voz8bv2s","from_name":"label","to_name":"image","type":"rectanglelabels","origin":"manual"},{"original_width":569,"original_height":705,"image_rotation":0,"value":{"x":32.079646017699105,"y":65.17857142857143,"width":2.8761061946902653,"height":20.892857142857142,"rotation":0,"rectanglelabels":["tree"]},"id":"Zif7WxQcPW","from_name":"label","to_name":"image","type":"rectanglelabels","origin":"manual"},{"original_width":569,"original_height":705,"image_rotation":0,"value":{"x":38.49557522123894,"y":76.42857142857142,"width":17.256637168141587,"height":22.678571428571427,"rotation":0,"rectanglelabels":["grass"]},"id":"U00Ecl_bKs","from_name":"label","to_name":"image","type":"rectanglelabels","origin":"manual"},{"original_width":569,"original_height":705,"image_rotation":0,"value":{"x":0.4424778761061947,"y":87.32142857142857,"width":36.72566371681416,"height":11.25,"rotation":0,"rectanglelabels":["grass"]},"id":"r8zrgx_Xcy","from_name":"label","to_name":"image","type":"rectanglelabels","origin":"manual"},{"original_width":569,"original_height":705,"image_rotation":0,"value":{"x":57.07964601769911,"y":86.60714285714286,"width":42.256637168141594,"height":11.964285714285717,"rotation":0,"rectanglelabels":["grass"]},"id":"chNbo7ORqa","from_name":"label","to_name":"image","type":"rectanglelabels","origin":"manual"}],"was_cancelled":false,"ground_truth":false,"created_at":"2023-02-05T21:16:16.417990Z","updated_at":"2023-02-13T21:12:58.490809Z","lead_time":61.885000000000005,"prediction":{},"result_count":0,"task":913,"project":12,"parent_prediction":null,"parent_annotation":null}],"file_upload":"8e540d18-tree_14.jpg","drafts":[],"predictions":[],"data":{"image":"\/data\/upload\/12\/8e540d18-tree_14.jpg"},"meta":{},"created_at":"2023-02-05T21:10:45.796172Z","updated_at":"2023-02-13T21:12:58.530065Z","inner_id":15,"total_annotations":1,"cancelled_annotations":0,"total_predictions":0,"comment_count":0,"unresolved_comment_count":0,"last_comment_updated_at":null,"project":12,"updated_by":2,"comment_authors":[]},{"id":914,"annotations":[{"id":765,"completed_by":1,"result":[{"original_width":1500,"original_height":1001,"image_rotation":0,"value":{"x":43.3849821215733,"y":70.89285714285711,"width":4.5292014302741554,"height":16.428571428571423,"rotation":0,"rectanglelabels":["tree"]},"id":"0DVkLD6taz","from_name":"label","to_name":"image","type":"rectanglelabels","origin":"manual"},{"original_width":1500,"original_height":1001,"image_rotation":0,"value":{"x":91.29916567342072,"y":68.21428571428571,"width":3.3373063170441686,"height":15,"rotation":0,"rectanglelabels":["tree"]},"id":"wed8rOQJN6","from_name":"label","to_name":"image","type":"rectanglelabels","origin":"manual"},{"original_width":1500,"original_height":1001,"image_rotation":0,"value":{"x":0.684931506849315,"y":78.46153846153848,"width":41.78082191780822,"height":19.487179487179493,"rotation":0,"rectanglelabels":["grass"]},"id":"h9L1JeITcj","from_name":"label","to_name":"image","type":"rectanglelabels","origin":"manual"},{"original_width":1500,"original_height":1001,"image_rotation":0,"value":{"x":48.97260273972603,"y":76.66666666666669,"width":41.43835616438356,"height":22.307692307692314,"rotation":0,"rectanglelabels":["grass"]},"id":"s2CvQZeotG","from_name":"label","to_name":"image","type":"rectanglelabels","origin":"manual"}],"was_cancelled":false,"ground_truth":false,"created_at":"2023-02-05T21:16:31.919987Z","updated_at":"2023-02-13T21:13:11.350969Z","lead_time":25.559,"prediction":{},"result_count":0,"task":914,"project":12,"parent_prediction":null,"parent_annotation":null}],"file_upload":"1b6fde79-tree_15.jpg","drafts":[],"predictions":[],"data":{"image":"\/data\/upload\/12\/1b6fde79-tree_15.jpg"},"meta":{},"created_at":"2023-02-05T21:10:45.796172Z","updated_at":"2023-02-13T21:13:11.389951Z","inner_id":16,"total_annotations":1,"cancelled_annotations":0,"total_predictions":0,"comment_count":0,"unresolved_comment_count":0,"last_comment_updated_at":null,"project":12,"updated_by":2,"comment_authors":[]},{"id":916,"annotations":[{"id":767,"completed_by":1,"result":[{"original_width":632,"original_height":810,"image_rotation":0,"value":{"x":18.764302059496572,"y":68.74999999999997,"width":11.212814645308915,"height":29.285714285714285,"rotation":0,"rectanglelabels":["tree"]},"id":"R5__zF742R","from_name":"label","to_name":"image","type":"rectanglelabels","origin":"manual"},{"original_width":632,"original_height":810,"image_rotation":0,"value":{"x":38.443935926773456,"y":61.785714285714285,"width":5.034324942791762,"height":17.142857142857142,"rotation":0,"rectanglelabels":["tree"]},"id":"yHcz6yrwEa","from_name":"label","to_name":"image","type":"rectanglelabels","origin":"manual"}],"was_cancelled":false,"ground_truth":false,"created_at":"2023-02-05T21:16:51.458773Z","updated_at":"2023-02-05T21:16:51.458773Z","lead_time":13.441,"prediction":{},"result_count":0,"task":916,"project":12,"parent_prediction":null,"parent_annotation":null}],"file_upload":"8a7d5e0d-tree_17.jpg","drafts":[],"predictions":[],"data":{"image":"\/data\/upload\/12\/8a7d5e0d-tree_17.jpg"},"meta":{},"created_at":"2023-02-05T21:10:45.796172Z","updated_at":"2023-02-05T21:16:51.526773Z","inner_id":18,"total_annotations":1,"cancelled_annotations":0,"total_predictions":0,"comment_count":0,"unresolved_comment_count":0,"last_comment_updated_at":null,"project":12,"updated_by":1,"comment_authors":[]},{"id":917,"annotations":[{"id":768,"completed_by":1,"result":[{"original_width":590,"original_height":350,"image_rotation":0,"value":{"x":48.940677966101696,"y":74.10714285714288,"width":14.40677966101695,"height":19.28571428571429,"rotation":0,"rectanglelabels":["tree"]},"id":"TH1XM7eI49","from_name":"label","to_name":"image","type":"rectanglelabels","origin":"manual"}],"was_cancelled":false,"ground_truth":false,"created_at":"2023-02-05T21:16:58.502286Z","updated_at":"2023-02-13T21:14:15.332955Z","lead_time":46.527,"prediction":{},"result_count":0,"task":917,"project":12,"parent_prediction":null,"parent_annotation":null}],"file_upload":"b743a389-tree_18.jpg","drafts":[],"predictions":[],"data":{"image":"\/data\/upload\/12\/b743a389-tree_18.jpg"},"meta":{},"created_at":"2023-02-05T21:10:45.796172Z","updated_at":"2023-02-13T21:14:15.372711Z","inner_id":19,"total_annotations":1,"cancelled_annotations":0,"total_predictions":0,"comment_count":0,"unresolved_comment_count":0,"last_comment_updated_at":null,"project":12,"updated_by":2,"comment_authors":[]},{"id":918,"annotations":[{"id":769,"completed_by":1,"result":[{"original_width":1200,"original_height":627,"image_rotation":0,"value":{"x":0.1865671641791045,"y":73.03571428571426,"width":8.11567164179104,"height":19.99999999999999,"rotation":0,"rectanglelabels":["tree"]},"id":"hIUOHZ75R7","from_name":"label","to_name":"image","type":"rectanglelabels","origin":"manual"},{"original_width":1200,"original_height":627,"image_rotation":0,"value":{"x":25.466417910447742,"y":70.71428571428574,"width":17.630597014925375,"height":28.749999999999975,"rotation":0,"rectanglelabels":["tree"]},"id":"qCvhZdExkc","from_name":"label","to_name":"image","type":"rectanglelabels","origin":"manual"}],"was_cancelled":false,"ground_truth":false,"created_at":"2023-02-05T21:17:18.433752Z","updated_at":"2023-02-05T21:17:18.433752Z","lead_time":19.644,"prediction":{},"result_count":0,"task":918,"project":12,"parent_prediction":null,"parent_annotation":null}],"file_upload":"74bfe4ee-tree_19.jpg","drafts":[{"id":489,"user":"andyluu@cpp.edu","created_username":"andyluu@cpp.edu, 2","created_ago":"1 week, 2 days","result":[{"original_width":1200,"original_height":627,"image_rotation":0,"value":{"x":0.1865671641791045,"y":73.03571428571426,"width":8.11567164179104,"height":19.99999999999999,"rotation":0,"rectanglelabels":["tree"]},"id":"hIUOHZ75R7","from_name":"label","to_name":"image","type":"rectanglelabels","origin":"manual"},{"original_width":1200,"original_height":627,"image_rotation":0,"value":{"x":25.466417910447742,"y":70.71428571428574,"width":17.630597014925375,"height":28.749999999999975,"rotation":0,"rectanglelabels":["tree"]},"id":"qCvhZdExkc","from_name":"label","to_name":"image","type":"rectanglelabels","origin":"manual"},{"original_width":1200,"original_height":627,"image_rotation":0,"value":{"x":53.76712328767125,"y":86.22950819672131,"width":45.54794520547945,"height":13.114754098360656,"rotation":0,"rectanglelabels":["grass"]},"id":"Vmst_MzJ7-","from_name":"label","to_name":"image","type":"rectanglelabels","origin":"manual"}],"lead_time":29.58,"was_postponed":false,"created_at":"2023-02-13T21:13:25.544802Z","updated_at":"2023-02-13T21:13:25.544802Z","task":918,"annotation":769}],"predictions":[],"data":{"image":"\/data\/upload\/12\/74bfe4ee-tree_19.jpg"},"meta":{},"created_at":"2023-02-05T21:10:45.796172Z","updated_at":"2023-02-05T21:17:18.505751Z","inner_id":20,"total_annotations":1,"cancelled_annotations":0,"total_predictions":0,"comment_count":0,"unresolved_comment_count":0,"last_comment_updated_at":null,"project":12,"updated_by":1,"comment_authors":[]},{"id":919,"annotations":[{"id":770,"completed_by":1,"result":[{"original_width":275,"original_height":183,"image_rotation":0,"value":{"x":8.31353919239905,"y":33.57142857142856,"width":11.87648456057007,"height":54.4642857142857,"rotation":0,"rectanglelabels":["tree"]},"id":"vLjKIoNmxN","from_name":"label","to_name":"image","type":"rectanglelabels","origin":"manual"},{"original_width":275,"original_height":183,"image_rotation":0,"value":{"x":40.73634204275535,"y":33.74999999999999,"width":7.838479809976244,"height":43.57142857142855,"rotation":0,"rectanglelabels":["tree"]},"id":"tqAjcpfe8w","from_name":"label","to_name":"image","type":"rectanglelabels","origin":"manual"},{"original_width":275,"original_height":183,"image_rotation":0,"value":{"x":59.85748218527318,"y":32.14285714285714,"width":6.532066508313507,"height":38.03571428571435,"rotation":0,"rectanglelabels":["tree"]},"id":"1tgwfHiNCS","from_name":"label","to_name":"image","type":"rectanglelabels","origin":"manual"},{"original_width":275,"original_height":183,"image_rotation":0,"value":{"x":71.14014251781472,"y":33.03571428571428,"width":5.938242280285035,"height":32.142857142857146,"rotation":0,"rectanglelabels":["tree"]},"id":"M85O6OtW-0","from_name":"label","to_name":"image","type":"rectanglelabels","origin":"manual"},{"original_width":275,"original_height":183,"image_rotation":0,"value":{"x":80.76009501187649,"y":31.785714285714285,"width":4.275534441805226,"height":28.74999999999999,"rotation":0,"rectanglelabels":["tree"]},"id":"eU_hqMRjoQ","from_name":"label","to_name":"image","type":"rectanglelabels","origin":"manual"},{"original_width":275,"original_height":183,"image_rotation":0,"value":{"x":87.64845605700712,"y":35.89285714285714,"width":4.631828978622328,"height":23.214285714285715,"rotation":0,"rectanglelabels":["tree"]},"id":"w2eytz21vY","from_name":"label","to_name":"image","type":"rectanglelabels","origin":"manual"},{"original_width":275,"original_height":183,"image_rotation":0,"value":{"x":93.34916864608076,"y":36.60714285714285,"width":3.44418052256532,"height":19.285714285714285,"rotation":0,"rectanglelabels":["tree"]},"id":"6o3dqcM4om","from_name":"label","to_name":"image","type":"rectanglelabels","origin":"manual"}],"was_cancelled":false,"ground_truth":false,"created_at":"2023-02-05T21:18:29.106031Z","updated_at":"2023-02-05T21:19:10.745080Z","lead_time":44.53,"prediction":{},"result_count":0,"task":919,"project":12,"parent_prediction":null,"parent_annotation":null}],"file_upload":"1a441d47-tree_61.jpg","drafts":[],"predictions":[],"data":{"image":"\/data\/upload\/12\/1a441d47-tree_61.jpg"},"meta":{},"created_at":"2023-02-05T21:17:43.401576Z","updated_at":"2023-02-05T21:19:10.797079Z","inner_id":21,"total_annotations":1,"cancelled_annotations":0,"total_predictions":0,"comment_count":0,"unresolved_comment_count":0,"last_comment_updated_at":null,"project":12,"updated_by":1,"comment_authors":[]}]