<?xml version="1.0" encoding="utf-8"?>
<annotation>
<folder>images</folder>
<filename>07154440-tree_12.jpg</filename>
<source>
<database>MyDatabase</database>
<annotation>COCO2017</annotation>
<image>flickr</image>
<flickrid>NULL</flickrid>
<annotator>1</annotator>
</source>
<owner>
<flickrid>NULL</flickrid>
<name>Label Studio</name>
</owner>
<size>
<width>2136</width>
<height>2848</height>
<depth>3</depth>
</size>
<segmented>0</segmented>
<object>
<name>tree root</name>
<pose>Unspecified</pose>
<truncated>0</truncated>
<difficult>0</difficult>
<bndbox>
<xmin>1301</xmin>
<ymin>1841</ymin>
<xmax>1524</xmax>
<ymax>2085</ymax>
</bndbox>
</object>
<object>
<name>tree root</name>
<pose>Unspecified</pose>
<truncated>0</truncated>
<difficult>0</difficult>
<bndbox>
<xmin>1312</xmin>
<ymin>1612</ymin>
<xmax>1500</xmax>
<ymax>1845</ymax>
</bndbox>
</object>
<object>
<name>grass</name>
<pose>Unspecified</pose>
<truncated>0</truncated>
<difficult>0</difficult>
<bndbox>
<xmin>366</xmin>
<ymin>1896</ymin>
<xmax>1261</xmax>
<ymax>2063</ymax>
</bndbox>
</object>
<object>
<name>grass</name>
<pose>Unspecified</pose>
<truncated>0</truncated>
<difficult>0</difficult>
<bndbox>
<xmin>40</xmin>
<ymin>1973</ymin>
<xmax>334</xmax>
<ymax>2064</ymax>
</bndbox>
</object>
<object>
<name>grass</name>
<pose>Unspecified</pose>
<truncated>0</truncated>
<difficult>0</difficult>
<bndbox>
<xmin>1693</xmin>
<ymin>2054</ymin>
<xmax>2135</xmax>
<ymax>2181</ymax>
</bndbox>
</object>
<object>
<name>grass</name>
<pose>Unspecified</pose>
<truncated>0</truncated>
<difficult>0</difficult>
<bndbox>
<xmin>1856</xmin>
<ymin>1952</ymin>
<xmax>1972</xmax>
<ymax>2028</ymax>
</bndbox>
</object>
<object>
<name>tree root</name>
<pose>Unspecified</pose>
<truncated>0</truncated>
<difficult>0</difficult>
<bndbox>
<xmin>1713</xmin>
<ymin>1871</ymin>
<xmax>1789</xmax>
<ymax>1982</ymax>
</bndbox>
</object>
<object>
<name>tree root</name>
<pose>Unspecified</pose>
<truncated>0</truncated>
<difficult>0</difficult>
<bndbox>
<xmin>1739</xmin>
<ymin>1744</ymin>
<xmax>1805</xmax>
<ymax>1855</ymax>
</bndbox>
</object>
<object>
<name>tree root</name>
<pose>Unspecified</pose>
<truncated>0</truncated>
<difficult>0</difficult>
<bndbox>
<xmin>1184</xmin>
<ymin>1749</ymin>
<xmax>1229</xmax>
<ymax>1916</ymax>
</bndbox>
</object>
<object>
<name>tree root</name>
<pose>Unspecified</pose>
<truncated>0</truncated>
<difficult>0</difficult>
<bndbox>
<xmin>1210</xmin>
<ymin>1617</ymin>
<xmax>1255</xmax>
<ymax>1754</ymax>
</bndbox>
</object>
<object>
<name>grass</name>
<pose>Unspecified</pose>
<truncated>0</truncated>
<difficult>0</difficult>
<bndbox>
<xmin>996</xmin>
<ymin>1678</ymin>
<xmax>1163</xmax>
<ymax>1779</ymax>
</bndbox>
</object>
</annotation>
