<?xml version="1.0" encoding="utf-8"?>
<annotation>
<folder>images</folder>
<filename>0c684eb6-tree_57.jpg</filename>
<source>
<database>MyDatabase</database>
<annotation>COCO2017</annotation>
<image>flickr</image>
<flickrid>NULL</flickrid>
<annotator>1</annotator>
</source>
<owner>
<flickrid>NULL</flickrid>
<name>Label Studio</name>
</owner>
<size>
<width>1800</width>
<height>1205</height>
<depth>3</depth>
</size>
<segmented>0</segmented>
<object>
<name>tree root</name>
<pose>Unspecified</pose>
<truncated>0</truncated>
<difficult>0</difficult>
<bndbox>
<xmin>782</xmin>
<ymin>994</ymin>
<xmax>919</xmax>
<ymax>1060</ymax>
</bndbox>
</object>
<object>
<name>tree root</name>
<pose>Unspecified</pose>
<truncated>0</truncated>
<difficult>0</difficult>
<bndbox>
<xmin>929</xmin>
<ymin>1026</ymin>
<xmax>972</xmax>
<ymax>1069</ymax>
</bndbox>
</object>
<object>
<name>tree root</name>
<pose>Unspecified</pose>
<truncated>0</truncated>
<difficult>0</difficult>
<bndbox>
<xmin>797</xmin>
<ymin>912</ymin>
<xmax>910</xmax>
<ymax>985</ymax>
</bndbox>
</object>
<object>
<name>tree root</name>
<pose>Unspecified</pose>
<truncated>0</truncated>
<difficult>0</difficult>
<bndbox>
<xmin>800</xmin>
<ymin>830</ymin>
<xmax>929</xmax>
<ymax>903</ymax>
</bndbox>
</object>
<object>
<name>tree root</name>
<pose>Unspecified</pose>
<truncated>0</truncated>
<difficult>0</difficult>
<bndbox>
<xmin>877</xmin>
<ymin>759</ymin>
<xmax>922</xmax>
<ymax>808</ymax>
</bndbox>
</object>
<object>
<name>tree root</name>
<pose>Unspecified</pose>
<truncated>0</truncated>
<difficult>0</difficult>
<bndbox>
<xmin>952</xmin>
<ymin>828</ymin>
<xmax>1038</xmax>
<ymax>847</ymax>
</bndbox>
</object>
<object>
<name>grass</name>
<pose>Unspecified</pose>
<truncated>0</truncated>
<difficult>0</difficult>
<bndbox>
<xmin>8</xmin>
<ymin>1019</ymin>
<xmax>180</xmax>
<ymax>1188</ymax>
</bndbox>
</object>
<object>
<name>grass</name>
<pose>Unspecified</pose>
<truncated>0</truncated>
<difficult>0</difficult>
<bndbox>
<xmin>195</xmin>
<ymin>1026</ymin>
<xmax>298</xmax>
<ymax>1090</ymax>
</bndbox>
</object>
<object>
<name>grass</name>
<pose>Unspecified</pose>
<truncated>0</truncated>
<difficult>0</difficult>
<bndbox>
<xmin>204</xmin>
<ymin>1103</ymin>
<xmax>249</xmax>
<ymax>1163</ymax>
</bndbox>
</object>
<object>
<name>grass</name>
<pose>Unspecified</pose>
<truncated>0</truncated>
<difficult>0</difficult>
<bndbox>
<xmin>610</xmin>
<ymin>1009</ymin>
<xmax>741</xmax>
<ymax>1060</ymax>
</bndbox>
</object>
<object>
<name>grass</name>
<pose>Unspecified</pose>
<truncated>0</truncated>
<difficult>0</difficult>
<bndbox>
<xmin>862</xmin>
<ymin>1093</ymin>
<xmax>1427</xmax>
<ymax>1185</ymax>
</bndbox>
</object>
<object>
<name>grass</name>
<pose>Unspecified</pose>
<truncated>0</truncated>
<difficult>0</difficult>
<bndbox>
<xmin>748</xmin>
<ymin>1088</ymin>
<xmax>851</xmax>
<ymax>1146</ymax>
</bndbox>
</object>
<object>
<name>grass</name>
<pose>Unspecified</pose>
<truncated>0</truncated>
<difficult>0</difficult>
<bndbox>
<xmin>1025</xmin>
<ymin>1052</ymin>
<xmax>1435</xmax>
<ymax>1084</ymax>
</bndbox>
</object>
<object>
<name>grass</name>
<pose>Unspecified</pose>
<truncated>0</truncated>
<difficult>0</difficult>
<bndbox>
<xmin>1234</xmin>
<ymin>1017</ymin>
<xmax>1453</xmax>
<ymax>1044</ymax>
</bndbox>
</object>
<object>
<name>tree root</name>
<pose>Unspecified</pose>
<truncated>0</truncated>
<difficult>0</difficult>
<bndbox>
<xmin>1060</xmin>
<ymin>974</ymin>
<xmax>1077</xmax>
<ymax>1027</ymax>
</bndbox>
</object>
<object>
<name>tree root</name>
<pose>Unspecified</pose>
<truncated>0</truncated>
<difficult>0</difficult>
<bndbox>
<xmin>1051</xmin>
<ymin>929</ymin>
<xmax>1070</xmax>
<ymax>965</ymax>
</bndbox>
</object>
<object>
<name>grass</name>
<pose>Unspecified</pose>
<truncated>0</truncated>
<difficult>0</difficult>
<bndbox>
<xmin>546</xmin>
<ymin>1000</ymin>
<xmax>604</xmax>
<ymax>1051</ymax>
</bndbox>
</object>
</annotation>
