<?xml version="1.0" encoding="utf-8"?>
<annotation>
<folder>images</folder>
<filename>0d14b4d9-dirt_59.jpg</filename>
<source>
<database>MyDatabase</database>
<annotation>COCO2017</annotation>
<image>flickr</image>
<flickrid>NULL</flickrid>
<annotator>1</annotator>
</source>
<owner>
<flickrid>NULL</flickrid>
<name>Label Studio</name>
</owner>
<size>
<width>2000</width>
<height>1147</height>
<depth>3</depth>
</size>
<segmented>0</segmented>
<object>
<name>tree root</name>
<pose>Unspecified</pose>
<truncated>0</truncated>
<difficult>0</difficult>
<bndbox>
<xmin>1184</xmin>
<ymin>2</ymin>
<xmax>1384</xmax>
<ymax>542</ymax>
</bndbox>
</object>
<object>
<name>tree root</name>
<pose>Unspecified</pose>
<truncated>0</truncated>
<difficult>0</difficult>
<bndbox>
<xmin>1170</xmin>
<ymin>329</ymin>
<xmax>1180</xmax>
<ymax>535</ymax>
</bndbox>
</object>
<object>
<name>tree root</name>
<pose>Unspecified</pose>
<truncated>0</truncated>
<difficult>0</difficult>
<bndbox>
<xmin>1120</xmin>
<ymin>487</ymin>
<xmax>1163</xmax>
<ymax>527</ymax>
</bndbox>
</object>
<object>
<name>tree root</name>
<pose>Unspecified</pose>
<truncated>0</truncated>
<difficult>0</difficult>
<bndbox>
<xmin>1135</xmin>
<ymin>419</ymin>
<xmax>1175</xmax>
<ymax>478</ymax>
</bndbox>
</object>
<object>
<name>dirt</name>
<pose>Unspecified</pose>
<truncated>0</truncated>
<difficult>0</difficult>
<bndbox>
<xmin>38</xmin>
<ymin>688</ymin>
<xmax>1974</xmax>
<ymax>1122</ymax>
</bndbox>
</object>
<object>
<name>dirt</name>
<pose>Unspecified</pose>
<truncated>0</truncated>
<difficult>0</difficult>
<bndbox>
<xmin>55</xmin>
<ymin>507</ymin>
<xmax>1098</xmax>
<ymax>664</ymax>
</bndbox>
</object>
<object>
<name>dirt</name>
<pose>Unspecified</pose>
<truncated>0</truncated>
<difficult>0</difficult>
<bndbox>
<xmin>215</xmin>
<ymin>469</ymin>
<xmax>1085</xmax>
<ymax>493</ymax>
</bndbox>
</object>
<object>
<name>dirt</name>
<pose>Unspecified</pose>
<truncated>0</truncated>
<difficult>0</difficult>
<bndbox>
<xmin>1155</xmin>
<ymin>569</ymin>
<xmax>1945</xmax>
<ymax>665</ymax>
</bndbox>
</object>
<object>
<name>dirt</name>
<pose>Unspecified</pose>
<truncated>0</truncated>
<difficult>0</difficult>
<bndbox>
<xmin>1434</xmin>
<ymin>471</ymin>
<xmax>1811</xmax>
<ymax>550</ymax>
</bndbox>
</object>
<object>
<name>tree root</name>
<pose>Unspecified</pose>
<truncated>0</truncated>
<difficult>0</difficult>
<bndbox>
<xmin>1196</xmin>
<ymin>542</ymin>
<xmax>1376</xmax>
<ymax>562</ymax>
</bndbox>
</object>
</annotation>
