<?xml version="1.0" encoding="utf-8"?>
<annotation>
<folder>images</folder>
<filename>1e9491df-dirt_44.jpg</filename>
<source>
<database>MyDatabase</database>
<annotation>COCO2017</annotation>
<image>flickr</image>
<flickrid>NULL</flickrid>
<annotator>1</annotator>
</source>
<owner>
<flickrid>NULL</flickrid>
<name>Label Studio</name>
</owner>
<size>
<width>1170</width>
<height>658</height>
<depth>3</depth>
</size>
<segmented>0</segmented>
<object>
<name>dirt</name>
<pose>Unspecified</pose>
<truncated>0</truncated>
<difficult>0</difficult>
<bndbox>
<xmin>378</xmin>
<ymin>113</ymin>
<xmax>856</xmax>
<ymax>446</ymax>
</bndbox>
</object>
<object>
<name>dirt</name>
<pose>Unspecified</pose>
<truncated>0</truncated>
<difficult>0</difficult>
<bndbox>
<xmin>447</xmin>
<ymin>462</ymin>
<xmax>690</xmax>
<ymax>561</ymax>
</bndbox>
</object>
<object>
<name>dirt</name>
<pose>Unspecified</pose>
<truncated>0</truncated>
<difficult>0</difficult>
<bndbox>
<xmin>256</xmin>
<ymin>344</ymin>
<xmax>368</xmax>
<ymax>390</ymax>
</bndbox>
</object>
<object>
<name>dirt</name>
<pose>Unspecified</pose>
<truncated>0</truncated>
<difficult>0</difficult>
<bndbox>
<xmin>446</xmin>
<ymin>81</ymin>
<xmax>789</xmax>
<ymax>106</ymax>
</bndbox>
</object>
<object>
<name>dirt</name>
<pose>Unspecified</pose>
<truncated>0</truncated>
<difficult>0</difficult>
<bndbox>
<xmin>614</xmin>
<ymin>57</ymin>
<xmax>702</xmax>
<ymax>71</ymax>
</bndbox>
</object>
<object>
<name>dirt</name>
<pose>Unspecified</pose>
<truncated>0</truncated>
<difficult>0</difficult>
<bndbox>
<xmin>868</xmin>
<ymin>347</ymin>
<xmax>912</xmax>
<ymax>438</ymax>
</bndbox>
</object>
</annotation>
