<?xml version="1.0" encoding="utf-8"?>
<annotation>
<folder>images</folder>
<filename>39b93c7a-tree_67.jpg</filename>
<source>
<database>MyDatabase</database>
<annotation>COCO2017</annotation>
<image>flickr</image>
<flickrid>NULL</flickrid>
<annotator>1</annotator>
</source>
<owner>
<flickrid>NULL</flickrid>
<name>Label Studio</name>
</owner>
<size>
<width>1500</width>
<height>1000</height>
<depth>3</depth>
</size>
<segmented>0</segmented>
<object>
<name>grass</name>
<pose>Unspecified</pose>
<truncated>0</truncated>
<difficult>0</difficult>
<bndbox>
<xmin>16</xmin>
<ymin>703</ymin>
<xmax>994</xmax>
<ymax>979</ymax>
</bndbox>
</object>
<object>
<name>grass</name>
<pose>Unspecified</pose>
<truncated>0</truncated>
<difficult>0</difficult>
<bndbox>
<xmin>1007</xmin>
<ymin>733</ymin>
<xmax>1469</xmax>
<ymax>974</ymax>
</bndbox>
</object>
<object>
<name>grass</name>
<pose>Unspecified</pose>
<truncated>0</truncated>
<difficult>0</difficult>
<bndbox>
<xmin>583</xmin>
<ymin>664</ymin>
<xmax>966</xmax>
<ymax>697</ymax>
</bndbox>
</object>
<object>
<name>grass</name>
<pose>Unspecified</pose>
<truncated>0</truncated>
<difficult>0</difficult>
<bndbox>
<xmin>1150</xmin>
<ymin>673</ymin>
<xmax>1473</xmax>
<ymax>730</ymax>
</bndbox>
</object>
<object>
<name>tree root</name>
<pose>Unspecified</pose>
<truncated>0</truncated>
<difficult>0</difficult>
<bndbox>
<xmin>1014</xmin>
<ymin>655</ymin>
<xmax>1039</xmax>
<ymax>699</ymax>
</bndbox>
</object>
<object>
<name>tree root</name>
<pose>Unspecified</pose>
<truncated>0</truncated>
<difficult>0</difficult>
<bndbox>
<xmin>1014</xmin>
<ymin>607</ymin>
<xmax>1037</xmax>
<ymax>649</ymax>
</bndbox>
</object>
</annotation>
