<?xml version="1.0" encoding="utf-8"?>
<annotation>
<folder>images</folder>
<filename>3c0bbc79-tree_56.jpg</filename>
<source>
<database>MyDatabase</database>
<annotation>COCO2017</annotation>
<image>flickr</image>
<flickrid>NULL</flickrid>
<annotator>1</annotator>
</source>
<owner>
<flickrid>NULL</flickrid>
<name>Label Studio</name>
</owner>
<size>
<width>1528</width>
<height>800</height>
<depth>3</depth>
</size>
<segmented>0</segmented>
<object>
<name>tree root</name>
<pose>Unspecified</pose>
<truncated>0</truncated>
<difficult>0</difficult>
<bndbox>
<xmin>558</xmin>
<ymin>675</ymin>
<xmax>715</xmax>
<ymax>699</ymax>
</bndbox>
</object>
<object>
<name>tree root</name>
<pose>Unspecified</pose>
<truncated>0</truncated>
<difficult>0</difficult>
<bndbox>
<xmin>592</xmin>
<ymin>642</ymin>
<xmax>711</xmax>
<ymax>664</ymax>
</bndbox>
</object>
<object>
<name>tree root</name>
<pose>Unspecified</pose>
<truncated>0</truncated>
<difficult>0</difficult>
<bndbox>
<xmin>616</xmin>
<ymin>571</ymin>
<xmax>695</xmax>
<ymax>636</ymax>
</bndbox>
</object>
<object>
<name>tree root</name>
<pose>Unspecified</pose>
<truncated>0</truncated>
<difficult>0</difficult>
<bndbox>
<xmin>625</xmin>
<ymin>485</ymin>
<xmax>707</xmax>
<ymax>570</ymax>
</bndbox>
</object>
<object>
<name>tree root</name>
<pose>Unspecified</pose>
<truncated>0</truncated>
<difficult>0</difficult>
<bndbox>
<xmin>588</xmin>
<ymin>420</ymin>
<xmax>726</xmax>
<ymax>481</ymax>
</bndbox>
</object>
<object>
<name>tree root</name>
<pose>Unspecified</pose>
<truncated>0</truncated>
<difficult>0</difficult>
<bndbox>
<xmin>548</xmin>
<ymin>381</ymin>
<xmax>625</xmax>
<ymax>413</ymax>
</bndbox>
</object>
<object>
<name>tree root</name>
<pose>Unspecified</pose>
<truncated>0</truncated>
<difficult>0</difficult>
<bndbox>
<xmin>645</xmin>
<ymin>372</ymin>
<xmax>737</xmax>
<ymax>421</ymax>
</bndbox>
</object>
<object>
<name>tree root</name>
<pose>Unspecified</pose>
<truncated>0</truncated>
<difficult>0</difficult>
<bndbox>
<xmin>685</xmin>
<ymin>705</ymin>
<xmax>932</xmax>
<ymax>732</ymax>
</bndbox>
</object>
<object>
<name>tree root</name>
<pose>Unspecified</pose>
<truncated>0</truncated>
<difficult>0</difficult>
<bndbox>
<xmin>748</xmin>
<ymin>667</ymin>
<xmax>1186</xmax>
<ymax>701</ymax>
</bndbox>
</object>
<object>
<name>tree root</name>
<pose>Unspecified</pose>
<truncated>0</truncated>
<difficult>0</difficult>
<bndbox>
<xmin>971</xmin>
<ymin>710</ymin>
<xmax>1150</xmax>
<ymax>730</ymax>
</bndbox>
</object>
<object>
<name>tree root</name>
<pose>Unspecified</pose>
<truncated>0</truncated>
<difficult>0</difficult>
<bndbox>
<xmin>773</xmin>
<ymin>630</ymin>
<xmax>1122</xmax>
<ymax>658</ymax>
</bndbox>
</object>
<object>
<name>tree root</name>
<pose>Unspecified</pose>
<truncated>0</truncated>
<difficult>0</difficult>
<bndbox>
<xmin>828</xmin>
<ymin>592</ymin>
<xmax>1086</xmax>
<ymax>623</ymax>
</bndbox>
</object>
<object>
<name>tree root</name>
<pose>Unspecified</pose>
<truncated>0</truncated>
<difficult>0</difficult>
<bndbox>
<xmin>868</xmin>
<ymin>530</ymin>
<xmax>1067</xmax>
<ymax>590</ymax>
</bndbox>
</object>
<object>
<name>tree root</name>
<pose>Unspecified</pose>
<truncated>0</truncated>
<difficult>0</difficult>
<bndbox>
<xmin>893</xmin>
<ymin>484</ymin>
<xmax>1070</xmax>
<ymax>521</ymax>
</bndbox>
</object>
<object>
<name>tree root</name>
<pose>Unspecified</pose>
<truncated>0</truncated>
<difficult>0</difficult>
<bndbox>
<xmin>871</xmin>
<ymin>257</ymin>
<xmax>1063</xmax>
<ymax>486</ymax>
</bndbox>
</object>
<object>
<name>tree root</name>
<pose>Unspecified</pose>
<truncated>0</truncated>
<difficult>0</difficult>
<bndbox>
<xmin>819</xmin>
<ymin>232</ymin>
<xmax>864</xmax>
<ymax>277</ymax>
</bndbox>
</object>
<object>
<name>tree root</name>
<pose>Unspecified</pose>
<truncated>0</truncated>
<difficult>0</difficult>
<bndbox>
<xmin>862</xmin>
<ymin>161</ymin>
<xmax>1099</xmax>
<ymax>253</ymax>
</bndbox>
</object>
</annotation>
