<?xml version="1.0" encoding="utf-8"?>
<annotation>
<folder>images</folder>
<filename>4ef2657a-tree_43.jpg</filename>
<source>
<database>MyDatabase</database>
<annotation>COCO2017</annotation>
<image>flickr</image>
<flickrid>NULL</flickrid>
<annotator>1</annotator>
</source>
<owner>
<flickrid>NULL</flickrid>
<name>Label Studio</name>
</owner>
<size>
<width>1200</width>
<height>667</height>
<depth>3</depth>
</size>
<segmented>0</segmented>
<object>
<name>tree root</name>
<pose>Unspecified</pose>
<truncated>0</truncated>
<difficult>0</difficult>
<bndbox>
<xmin>476</xmin>
<ymin>562</ymin>
<xmax>602</xmax>
<ymax>651</ymax>
</bndbox>
</object>
<object>
<name>tree root</name>
<pose>Unspecified</pose>
<truncated>0</truncated>
<difficult>0</difficult>
<bndbox>
<xmin>481</xmin>
<ymin>285</ymin>
<xmax>528</xmax>
<ymax>558</ymax>
</bndbox>
</object>
<object>
<name>tree root</name>
<pose>Unspecified</pose>
<truncated>0</truncated>
<difficult>0</difficult>
<bndbox>
<xmin>539</xmin>
<ymin>537</ymin>
<xmax>621</xmax>
<ymax>560</ymax>
</bndbox>
</object>
<object>
<name>tree root</name>
<pose>Unspecified</pose>
<truncated>0</truncated>
<difficult>0</difficult>
<bndbox>
<xmin>564</xmin>
<ymin>465</ymin>
<xmax>625</xmax>
<ymax>536</ymax>
</bndbox>
</object>
<object>
<name>tree root</name>
<pose>Unspecified</pose>
<truncated>0</truncated>
<difficult>0</difficult>
<bndbox>
<xmin>591</xmin>
<ymin>412</ymin>
<xmax>649</xmax>
<ymax>463</ymax>
</bndbox>
</object>
<object>
<name>tree root</name>
<pose>Unspecified</pose>
<truncated>0</truncated>
<difficult>0</difficult>
<bndbox>
<xmin>638</xmin>
<ymin>307</ymin>
<xmax>682</xmax>
<ymax>342</ymax>
</bndbox>
</object>
<object>
<name>tree root</name>
<pose>Unspecified</pose>
<truncated>0</truncated>
<difficult>0</difficult>
<bndbox>
<xmin>614</xmin>
<ymin>348</ymin>
<xmax>633</xmax>
<ymax>400</ymax>
</bndbox>
</object>
<object>
<name>tree root</name>
<pose>Unspecified</pose>
<truncated>0</truncated>
<difficult>0</difficult>
<bndbox>
<xmin>499</xmin>
<ymin>251</ymin>
<xmax>537</xmax>
<ymax>281</ymax>
</bndbox>
</object>
<object>
<name>tree root</name>
<pose>Unspecified</pose>
<truncated>0</truncated>
<difficult>0</difficult>
<bndbox>
<xmin>514</xmin>
<ymin>139</ymin>
<xmax>550</xmax>
<ymax>172</ymax>
</bndbox>
</object>
</annotation>
