<?xml version="1.0" encoding="utf-8"?>
<annotation>
<folder>images</folder>
<filename>71fa89bf-rock_3.jpg</filename>
<source>
<database>MyDatabase</database>
<annotation>COCO2017</annotation>
<image>flickr</image>
<flickrid>NULL</flickrid>
<annotator>1</annotator>
</source>
<owner>
<flickrid>NULL</flickrid>
<name>Label Studio</name>
</owner>
<size>
<width>638</width>
<height>339</height>
<depth>3</depth>
</size>
<segmented>0</segmented>
<object>
<name>rock</name>
<pose>Unspecified</pose>
<truncated>0</truncated>
<difficult>0</difficult>
<bndbox>
<xmin>15</xmin>
<ymin>289</ymin>
<xmax>219</xmax>
<ymax>329</ymax>
</bndbox>
</object>
<object>
<name>rock</name>
<pose>Unspecified</pose>
<truncated>0</truncated>
<difficult>0</difficult>
<bndbox>
<xmin>226</xmin>
<ymin>299</ymin>
<xmax>255</xmax>
<ymax>329</ymax>
</bndbox>
</object>
<object>
<name>rock</name>
<pose>Unspecified</pose>
<truncated>0</truncated>
<difficult>0</difficult>
<bndbox>
<xmin>6</xmin>
<ymin>252</ymin>
<xmax>146</xmax>
<ymax>285</ymax>
</bndbox>
</object>
<object>
<name>rock</name>
<pose>Unspecified</pose>
<truncated>0</truncated>
<difficult>0</difficult>
<bndbox>
<xmin>57</xmin>
<ymin>231</ymin>
<xmax>146</xmax>
<ymax>253</ymax>
</bndbox>
</object>
<object>
<name>rock</name>
<pose>Unspecified</pose>
<truncated>0</truncated>
<difficult>0</difficult>
<bndbox>
<xmin>7</xmin>
<ymin>211</ymin>
<xmax>62</xmax>
<ymax>246</ymax>
</bndbox>
</object>
<object>
<name>rock</name>
<pose>Unspecified</pose>
<truncated>0</truncated>
<difficult>0</difficult>
<bndbox>
<xmin>84</xmin>
<ymin>204</ymin>
<xmax>111</xmax>
<ymax>222</ymax>
</bndbox>
</object>
<object>
<name>rock</name>
<pose>Unspecified</pose>
<truncated>0</truncated>
<difficult>0</difficult>
<bndbox>
<xmin>150</xmin>
<ymin>254</ymin>
<xmax>200</xmax>
<ymax>275</ymax>
</bndbox>
</object>
<object>
<name>dirt</name>
<pose>Unspecified</pose>
<truncated>0</truncated>
<difficult>0</difficult>
<bndbox>
<xmin>174</xmin>
<ymin>214</ymin>
<xmax>189</xmax>
<ymax>232</ymax>
</bndbox>
</object>
<object>
<name>dirt</name>
<pose>Unspecified</pose>
<truncated>0</truncated>
<difficult>0</difficult>
<bndbox>
<xmin>202</xmin>
<ymin>223</ymin>
<xmax>223</xmax>
<ymax>241</ymax>
</bndbox>
</object>
<object>
<name>dirt</name>
<pose>Unspecified</pose>
<truncated>0</truncated>
<difficult>0</difficult>
<bndbox>
<xmin>230</xmin>
<ymin>235</ymin>
<xmax>251</xmax>
<ymax>256</ymax>
</bndbox>
</object>
<object>
<name>dirt</name>
<pose>Unspecified</pose>
<truncated>0</truncated>
<difficult>0</difficult>
<bndbox>
<xmin>346</xmin>
<ymin>223</ymin>
<xmax>384</xmax>
<ymax>246</ymax>
</bndbox>
</object>
<object>
<name>dirt</name>
<pose>Unspecified</pose>
<truncated>0</truncated>
<difficult>0</difficult>
<bndbox>
<xmin>337</xmin>
<ymin>249</ymin>
<xmax>369</xmax>
<ymax>259</ymax>
</bndbox>
</object>
<object>
<name>dirt</name>
<pose>Unspecified</pose>
<truncated>0</truncated>
<difficult>0</difficult>
<bndbox>
<xmin>311</xmin>
<ymin>250</ymin>
<xmax>334</xmax>
<ymax>262</ymax>
</bndbox>
</object>
<object>
<name>dirt</name>
<pose>Unspecified</pose>
<truncated>0</truncated>
<difficult>0</difficult>
<bndbox>
<xmin>389</xmin>
<ymin>200</ymin>
<xmax>422</xmax>
<ymax>219</ymax>
</bndbox>
</object>
<object>
<name>dirt</name>
<pose>Unspecified</pose>
<truncated>0</truncated>
<difficult>0</difficult>
<bndbox>
<xmin>381</xmin>
<ymin>211</ymin>
<xmax>404</xmax>
<ymax>229</ymax>
</bndbox>
</object>
<object>
<name>dirt</name>
<pose>Unspecified</pose>
<truncated>0</truncated>
<difficult>0</difficult>
<bndbox>
<xmin>407</xmin>
<ymin>177</ymin>
<xmax>424</xmax>
<ymax>196</ymax>
</bndbox>
</object>
<object>
<name>tree root</name>
<pose>Unspecified</pose>
<truncated>0</truncated>
<difficult>0</difficult>
<bndbox>
<xmin>250</xmin>
<ymin>145</ymin>
<xmax>255</xmax>
<ymax>196</ymax>
</bndbox>
</object>
<object>
<name>dirt</name>
<pose>Unspecified</pose>
<truncated>0</truncated>
<difficult>0</difficult>
<bndbox>
<xmin>270</xmin>
<ymin>212</ymin>
<xmax>294</xmax>
<ymax>222</ymax>
</bndbox>
</object>
<object>
<name>dirt</name>
<pose>Unspecified</pose>
<truncated>0</truncated>
<difficult>0</difficult>
<bndbox>
<xmin>246</xmin>
<ymin>264</ymin>
<xmax>258</xmax>
<ymax>280</ymax>
</bndbox>
</object>
<object>
<name>grass</name>
<pose>Unspecified</pose>
<truncated>0</truncated>
<difficult>0</difficult>
<bndbox>
<xmin>444</xmin>
<ymin>139</ymin>
<xmax>632</xmax>
<ymax>329</ymax>
</bndbox>
</object>
<object>
<name>grass</name>
<pose>Unspecified</pose>
<truncated>0</truncated>
<difficult>0</difficult>
<bndbox>
<xmin>334</xmin>
<ymin>283</ymin>
<xmax>441</xmax>
<ymax>330</ymax>
</bndbox>
</object>
<object>
<name>grass</name>
<pose>Unspecified</pose>
<truncated>0</truncated>
<difficult>0</difficult>
<bndbox>
<xmin>378</xmin>
<ymin>257</ymin>
<xmax>450</xmax>
<ymax>286</ymax>
</bndbox>
</object>
<object>
<name>grass</name>
<pose>Unspecified</pose>
<truncated>0</truncated>
<difficult>0</difficult>
<bndbox>
<xmin>300</xmin>
<ymin>312</ymin>
<xmax>336</xmax>
<ymax>330</ymax>
</bndbox>
</object>
<object>
<name>grass</name>
<pose>Unspecified</pose>
<truncated>0</truncated>
<difficult>0</difficult>
<bndbox>
<xmin>404</xmin>
<ymin>235</ymin>
<xmax>445</xmax>
<ymax>254</ymax>
</bndbox>
</object>
<object>
<name>grass</name>
<pose>Unspecified</pose>
<truncated>0</truncated>
<difficult>0</difficult>
<bndbox>
<xmin>336</xmin>
<ymin>141</ymin>
<xmax>451</xmax>
<ymax>150</ymax>
</bndbox>
</object>
<object>
<name>grass</name>
<pose>Unspecified</pose>
<truncated>0</truncated>
<difficult>0</difficult>
<bndbox>
<xmin>409</xmin>
<ymin>151</ymin>
<xmax>448</xmax>
<ymax>167</ymax>
</bndbox>
</object>
<object>
<name>grass</name>
<pose>Unspecified</pose>
<truncated>0</truncated>
<difficult>0</difficult>
<bndbox>
<xmin>432</xmin>
<ymin>173</ymin>
<xmax>444</xmax>
<ymax>229</ymax>
</bndbox>
</object>
<object>
<name>grass</name>
<pose>Unspecified</pose>
<truncated>0</truncated>
<difficult>0</difficult>
<bndbox>
<xmin>487</xmin>
<ymin>131</ymin>
<xmax>635</xmax>
<ymax>143</ymax>
</bndbox>
</object>
<object>
<name>grass</name>
<pose>Unspecified</pose>
<truncated>0</truncated>
<difficult>0</difficult>
<bndbox>
<xmin>576</xmin>
<ymin>120</ymin>
<xmax>632</xmax>
<ymax>132</ymax>
</bndbox>
</object>
<object>
<name>rock</name>
<pose>Unspecified</pose>
<truncated>0</truncated>
<difficult>0</difficult>
<bndbox>
<xmin>329</xmin>
<ymin>98</ymin>
<xmax>569</xmax>
<ymax>125</ymax>
</bndbox>
</object>
</annotation>
