<?xml version="1.0" encoding="utf-8"?>
<annotation>
<folder>images</folder>
<filename>79661296-tree_68.jpg</filename>
<source>
<database>MyDatabase</database>
<annotation>COCO2017</annotation>
<image>flickr</image>
<flickrid>NULL</flickrid>
<annotator>1</annotator>
</source>
<owner>
<flickrid>NULL</flickrid>
<name>Label Studio</name>
</owner>
<size>
<width>4231</width>
<height>2820</height>
<depth>3</depth>
</size>
<segmented>0</segmented>
<object>
<name>grass</name>
<pose>Unspecified</pose>
<truncated>0</truncated>
<difficult>0</difficult>
<bndbox>
<xmin>75</xmin>
<ymin>2109</ymin>
<xmax>523</xmax>
<ymax>2753</ymax>
</bndbox>
</object>
<object>
<name>grass</name>
<pose>Unspecified</pose>
<truncated>0</truncated>
<difficult>0</difficult>
<bndbox>
<xmin>770</xmin>
<ymin>2311</ymin>
<xmax>4179</xmax>
<ymax>2734</ymax>
</bndbox>
</object>
<object>
<name>grass</name>
<pose>Unspecified</pose>
<truncated>0</truncated>
<difficult>0</difficult>
<bndbox>
<xmin>564</xmin>
<ymin>2286</ymin>
<xmax>725</xmax>
<ymax>2719</ymax>
</bndbox>
</object>
<object>
<name>grass</name>
<pose>Unspecified</pose>
<truncated>0</truncated>
<difficult>0</difficult>
<bndbox>
<xmin>3415</xmin>
<ymin>1676</ymin>
<xmax>4165</xmax>
<ymax>2280</ymax>
</bndbox>
</object>
<object>
<name>tree root</name>
<pose>Unspecified</pose>
<truncated>0</truncated>
<difficult>0</difficult>
<bndbox>
<xmin>1244</xmin>
<ymin>1928</ymin>
<xmax>1485</xmax>
<ymax>2104</ymax>
</bndbox>
</object>
<object>
<name>tree root</name>
<pose>Unspecified</pose>
<truncated>0</truncated>
<difficult>0</difficult>
<bndbox>
<xmin>1511</xmin>
<ymin>1822</ymin>
<xmax>2256</xmax>
<ymax>2023</ymax>
</bndbox>
</object>
<object>
<name>tree root</name>
<pose>Unspecified</pose>
<truncated>0</truncated>
<difficult>0</difficult>
<bndbox>
<xmin>1309</xmin>
<ymin>1722</ymin>
<xmax>1530</xmax>
<ymax>1903</ymax>
</bndbox>
</object>
<object>
<name>tree root</name>
<pose>Unspecified</pose>
<truncated>0</truncated>
<difficult>0</difficult>
<bndbox>
<xmin>1329</xmin>
<ymin>1319</ymin>
<xmax>2220</xmax>
<ymax>1817</ymax>
</bndbox>
</object>
<object>
<name>tree root</name>
<pose>Unspecified</pose>
<truncated>0</truncated>
<difficult>0</difficult>
<bndbox>
<xmin>1229</xmin>
<ymin>997</ymin>
<xmax>2211</xmax>
<ymax>1299</ymax>
</bndbox>
</object>
<object>
<name>tree root</name>
<pose>Unspecified</pose>
<truncated>0</truncated>
<difficult>0</difficult>
<bndbox>
<xmin>2221</xmin>
<ymin>1253</ymin>
<xmax>2634</xmax>
<ymax>1504</ymax>
</bndbox>
</object>
<object>
<name>tree root</name>
<pose>Unspecified</pose>
<truncated>0</truncated>
<difficult>0</difficult>
<bndbox>
<xmin>916</xmin>
<ymin>881</ymin>
<xmax>2240</xmax>
<ymax>991</ymax>
</bndbox>
</object>
<object>
<name>tree root</name>
<pose>Unspecified</pose>
<truncated>0</truncated>
<difficult>0</difficult>
<bndbox>
<xmin>1087</xmin>
<ymin>1042</ymin>
<xmax>1228</xmax>
<ymax>1213</ymax>
</bndbox>
</object>
<object>
<name>tree root</name>
<pose>Unspecified</pose>
<truncated>0</truncated>
<difficult>0</difficult>
<bndbox>
<xmin>1828</xmin>
<ymin>629</ymin>
<xmax>2160</xmax>
<ymax>870</ymax>
</bndbox>
</object>
<object>
<name>tree root</name>
<pose>Unspecified</pose>
<truncated>0</truncated>
<difficult>0</difficult>
<bndbox>
<xmin>2241</xmin>
<ymin>810</ymin>
<xmax>2538</xmax>
<ymax>1011</ymax>
</bndbox>
</object>
<object>
<name>tree root</name>
<pose>Unspecified</pose>
<truncated>0</truncated>
<difficult>0</difficult>
<bndbox>
<xmin>992</xmin>
<ymin>1002</ymin>
<xmax>1097</xmax>
<ymax>1057</ymax>
</bndbox>
</object>
<object>
<name>tree root</name>
<pose>Unspecified</pose>
<truncated>0</truncated>
<difficult>0</difficult>
<bndbox>
<xmin>543</xmin>
<ymin>1868</ymin>
<xmax>608</xmax>
<ymax>2019</ymax>
</bndbox>
</object>
<object>
<name>tree root</name>
<pose>Unspecified</pose>
<truncated>0</truncated>
<difficult>0</difficult>
<bndbox>
<xmin>644</xmin>
<ymin>1863</ymin>
<xmax>749</xmax>
<ymax>1993</ymax>
</bndbox>
</object>
<object>
<name>tree root</name>
<pose>Unspecified</pose>
<truncated>0</truncated>
<difficult>0</difficult>
<bndbox>
<xmin>664</xmin>
<ymin>1777</ymin>
<xmax>749</xmax>
<ymax>1877</ymax>
</bndbox>
</object>
<object>
<name>tree root</name>
<pose>Unspecified</pose>
<truncated>0</truncated>
<difficult>0</difficult>
<bndbox>
<xmin>543</xmin>
<ymin>1737</ymin>
<xmax>578</xmax>
<ymax>1852</ymax>
</bndbox>
</object>
<object>
<name>tree root</name>
<pose>Unspecified</pose>
<truncated>0</truncated>
<difficult>0</difficult>
<bndbox>
<xmin>649</xmin>
<ymin>1692</ymin>
<xmax>709</xmax>
<ymax>1747</ymax>
</bndbox>
</object>
</annotation>
