<?xml version="1.0" encoding="utf-8"?>
<annotation>
<folder>images</folder>
<filename>aa5ea9bd-tree_73.jpg</filename>
<source>
<database>MyDatabase</database>
<annotation>COCO2017</annotation>
<image>flickr</image>
<flickrid>NULL</flickrid>
<annotator>1</annotator>
</source>
<owner>
<flickrid>NULL</flickrid>
<name>Label Studio</name>
</owner>
<size>
<width>940</width>
<height>788</height>
<depth>3</depth>
</size>
<segmented>0</segmented>
<object>
<name>rock</name>
<pose>Unspecified</pose>
<truncated>0</truncated>
<difficult>0</difficult>
<bndbox>
<xmin>29</xmin>
<ymin>631</ymin>
<xmax>269</xmax>
<ymax>704</ymax>
</bndbox>
</object>
<object>
<name>rock</name>
<pose>Unspecified</pose>
<truncated>0</truncated>
<difficult>0</difficult>
<bndbox>
<xmin>272</xmin>
<ymin>643</ymin>
<xmax>288</xmax>
<ymax>692</ymax>
</bndbox>
</object>
<object>
<name>rock</name>
<pose>Unspecified</pose>
<truncated>0</truncated>
<difficult>0</difficult>
<bndbox>
<xmin>112</xmin>
<ymin>603</ymin>
<xmax>228</xmax>
<ymax>628</ymax>
</bndbox>
</object>
<object>
<name>rock</name>
<pose>Unspecified</pose>
<truncated>0</truncated>
<difficult>0</difficult>
<bndbox>
<xmin>446</xmin>
<ymin>655</ymin>
<xmax>620</xmax>
<ymax>721</ymax>
</bndbox>
</object>
<object>
<name>tree root</name>
<pose>Unspecified</pose>
<truncated>0</truncated>
<difficult>0</difficult>
<bndbox>
<xmin>562</xmin>
<ymin>621</ymin>
<xmax>578</xmax>
<ymax>650</ymax>
</bndbox>
</object>
<object>
<name>tree root</name>
<pose>Unspecified</pose>
<truncated>0</truncated>
<difficult>0</difficult>
<bndbox>
<xmin>551</xmin>
<ymin>581</ymin>
<xmax>565</xmax>
<ymax>614</ymax>
</bndbox>
</object>
<object>
<name>tree root</name>
<pose>Unspecified</pose>
<truncated>0</truncated>
<difficult>0</difficult>
<bndbox>
<xmin>545</xmin>
<ymin>544</ymin>
<xmax>561</xmax>
<ymax>579</ymax>
</bndbox>
</object>
<object>
<name>tree root</name>
<pose>Unspecified</pose>
<truncated>0</truncated>
<difficult>0</difficult>
<bndbox>
<xmin>726</xmin>
<ymin>685</ymin>
<xmax>737</xmax>
<ymax>711</ymax>
</bndbox>
</object>
<object>
<name>tree root</name>
<pose>Unspecified</pose>
<truncated>0</truncated>
<difficult>0</difficult>
<bndbox>
<xmin>720</xmin>
<ymin>665</ymin>
<xmax>739</xmax>
<ymax>683</ymax>
</bndbox>
</object>
<object>
<name>dirt</name>
<pose>Unspecified</pose>
<truncated>0</truncated>
<difficult>0</difficult>
<bndbox>
<xmin>30</xmin>
<ymin>724</ymin>
<xmax>917</xmax>
<ymax>783</ymax>
</bndbox>
</object>
<object>
<name>dirt</name>
<pose>Unspecified</pose>
<truncated>0</truncated>
<difficult>0</difficult>
<bndbox>
<xmin>315</xmin>
<ymin>686</ymin>
<xmax>416</xmax>
<ymax>715</ymax>
</bndbox>
</object>
<object>
<name>dirt</name>
<pose>Unspecified</pose>
<truncated>0</truncated>
<difficult>0</difficult>
<bndbox>
<xmin>782</xmin>
<ymin>707</ymin>
<xmax>838</xmax>
<ymax>715</ymax>
</bndbox>
</object>
</annotation>
