<?xml version="1.0" encoding="utf-8"?>
<annotation>
<folder>images</folder>
<filename>ab470c14-lawn_15.jpg</filename>
<source>
<database>MyDatabase</database>
<annotation>COCO2017</annotation>
<image>flickr</image>
<flickrid>NULL</flickrid>
<annotator>1</annotator>
</source>
<owner>
<flickrid>NULL</flickrid>
<name>Label Studio</name>
</owner>
<size>
<width>275</width>
<height>183</height>
<depth>3</depth>
</size>
<segmented>0</segmented>
<object>
<name>grass</name>
<pose>Unspecified</pose>
<truncated>0</truncated>
<difficult>0</difficult>
<bndbox>
<xmin>9</xmin>
<ymin>128</ymin>
<xmax>269</xmax>
<ymax>175</ymax>
</bndbox>
</object>
<object>
<name>grass</name>
<pose>Unspecified</pose>
<truncated>0</truncated>
<difficult>0</difficult>
<bndbox>
<xmin>50</xmin>
<ymin>116</ymin>
<xmax>224</xmax>
<ymax>129</ymax>
</bndbox>
</object>
<object>
<name>grass</name>
<pose>Unspecified</pose>
<truncated>0</truncated>
<difficult>0</difficult>
<bndbox>
<xmin>90</xmin>
<ymin>104</ymin>
<xmax>117</xmax>
<ymax>114</ymax>
</bndbox>
</object>
<object>
<name>grass</name>
<pose>Unspecified</pose>
<truncated>0</truncated>
<difficult>0</difficult>
<bndbox>
<xmin>75</xmin>
<ymin>108</ymin>
<xmax>88</xmax>
<ymax>113</ymax>
</bndbox>
</object>
<object>
<name>grass</name>
<pose>Unspecified</pose>
<truncated>0</truncated>
<difficult>0</difficult>
<bndbox>
<xmin>121</xmin>
<ymin>106</ymin>
<xmax>175</xmax>
<ymax>114</ymax>
</bndbox>
</object>
<object>
<name>grass</name>
<pose>Unspecified</pose>
<truncated>0</truncated>
<difficult>0</difficult>
<bndbox>
<xmin>177</xmin>
<ymin>107</ymin>
<xmax>200</xmax>
<ymax>113</ymax>
</bndbox>
</object>
</annotation>
