<?xml version="1.0" encoding="utf-8"?>
<annotation>
<folder>images</folder>
<filename>b0517246-dirt_50.jpg</filename>
<source>
<database>MyDatabase</database>
<annotation>COCO2017</annotation>
<image>flickr</image>
<flickrid>NULL</flickrid>
<annotator>1</annotator>
</source>
<owner>
<flickrid>NULL</flickrid>
<name>Label Studio</name>
</owner>
<size>
<width>4032</width>
<height>3024</height>
<depth>3</depth>
</size>
<segmented>0</segmented>
<object>
<name>dirt</name>
<pose>Unspecified</pose>
<truncated>0</truncated>
<difficult>0</difficult>
<bndbox>
<xmin>302</xmin>
<ymin>1468</ymin>
<xmax>1937</xmax>
<ymax>1759</ymax>
</bndbox>
</object>
<object>
<name>dirt</name>
<pose>Unspecified</pose>
<truncated>0</truncated>
<difficult>0</difficult>
<bndbox>
<xmin>842</xmin>
<ymin>1258</ymin>
<xmax>1727</xmax>
<ymax>1425</ymax>
</bndbox>
</object>
<object>
<name>dirt</name>
<pose>Unspecified</pose>
<truncated>0</truncated>
<difficult>0</difficult>
<bndbox>
<xmin>2385</xmin>
<ymin>1522</ymin>
<xmax>3950</xmax>
<ymax>1948</ymax>
</bndbox>
</object>
<object>
<name>dirt</name>
<pose>Unspecified</pose>
<truncated>0</truncated>
<difficult>0</difficult>
<bndbox>
<xmin>2817</xmin>
<ymin>1306</ymin>
<xmax>3702</xmax>
<ymax>1505</ymax>
</bndbox>
</object>
</annotation>
