<?xml version="1.0" encoding="utf-8"?>
<annotation>
<folder>images</folder>
<filename>b6d6a9ba-tree_42.jpg</filename>
<source>
<database>MyDatabase</database>
<annotation>COCO2017</annotation>
<image>flickr</image>
<flickrid>NULL</flickrid>
<annotator>1</annotator>
</source>
<owner>
<flickrid>NULL</flickrid>
<name>Label Studio</name>
</owner>
<size>
<width>1280</width>
<height>1707</height>
<depth>3</depth>
</size>
<segmented>0</segmented>
<object>
<name>tree root</name>
<pose>Unspecified</pose>
<truncated>0</truncated>
<difficult>0</difficult>
<bndbox>
<xmin>624</xmin>
<ymin>1152</ymin>
<xmax>672</xmax>
<ymax>1289</ymax>
</bndbox>
</object>
<object>
<name>tree root</name>
<pose>Unspecified</pose>
<truncated>0</truncated>
<difficult>0</difficult>
<bndbox>
<xmin>621</xmin>
<ymin>993</ymin>
<xmax>660</xmax>
<ymax>1145</ymax>
</bndbox>
</object>
<object>
<name>tree root</name>
<pose>Unspecified</pose>
<truncated>0</truncated>
<difficult>0</difficult>
<bndbox>
<xmin>694</xmin>
<ymin>1155</ymin>
<xmax>721</xmax>
<ymax>1203</ymax>
</bndbox>
</object>
<object>
<name>tree root</name>
<pose>Unspecified</pose>
<truncated>0</truncated>
<difficult>0</difficult>
<bndbox>
<xmin>716</xmin>
<ymin>1094</ymin>
<xmax>746</xmax>
<ymax>1136</ymax>
</bndbox>
</object>
<object>
<name>tree root</name>
<pose>Unspecified</pose>
<truncated>0</truncated>
<difficult>0</difficult>
<bndbox>
<xmin>737</xmin>
<ymin>1021</ymin>
<xmax>791</xmax>
<ymax>1066</ymax>
</bndbox>
</object>
<object>
<name>tree root</name>
<pose>Unspecified</pose>
<truncated>0</truncated>
<difficult>0</difficult>
<bndbox>
<xmin>783</xmin>
<ymin>978</ymin>
<xmax>831</xmax>
<ymax>1008</ymax>
</bndbox>
</object>
<object>
<name>grass</name>
<pose>Unspecified</pose>
<truncated>0</truncated>
<difficult>0</difficult>
<bndbox>
<xmin>417</xmin>
<ymin>1578</ymin>
<xmax>1261</xmax>
<ymax>1681</ymax>
</bndbox>
</object>
<object>
<name>grass</name>
<pose>Unspecified</pose>
<truncated>0</truncated>
<difficult>0</difficult>
<bndbox>
<xmin>667</xmin>
<ymin>1524</ymin>
<xmax>862</xmax>
<ymax>1563</ymax>
</bndbox>
</object>
<object>
<name>grass</name>
<pose>Unspecified</pose>
<truncated>0</truncated>
<difficult>0</difficult>
<bndbox>
<xmin>335</xmin>
<ymin>1578</ymin>
<xmax>426</xmax>
<ymax>1642</ymax>
</bndbox>
</object>
<object>
<name>grass</name>
<pose>Unspecified</pose>
<truncated>0</truncated>
<difficult>0</difficult>
<bndbox>
<xmin>572</xmin>
<ymin>1527</ymin>
<xmax>651</xmax>
<ymax>1575</ymax>
</bndbox>
</object>
<object>
<name>grass</name>
<pose>Unspecified</pose>
<truncated>0</truncated>
<difficult>0</difficult>
<bndbox>
<xmin>908</xmin>
<ymin>1539</ymin>
<xmax>1045</xmax>
<ymax>1563</ymax>
</bndbox>
</object>
<object>
<name>grass</name>
<pose>Unspecified</pose>
<truncated>0</truncated>
<difficult>0</difficult>
<bndbox>
<xmin>48</xmin>
<ymin>1460</ymin>
<xmax>218</xmax>
<ymax>1517</ymax>
</bndbox>
</object>
<object>
<name>grass</name>
<pose>Unspecified</pose>
<truncated>0</truncated>
<difficult>0</difficult>
<bndbox>
<xmin>48</xmin>
<ymin>1301</ymin>
<xmax>502</xmax>
<ymax>1374</ymax>
</bndbox>
</object>
<object>
<name>grass</name>
<pose>Unspecified</pose>
<truncated>0</truncated>
<difficult>0</difficult>
<bndbox>
<xmin>560</xmin>
<ymin>1335</ymin>
<xmax>697</xmax>
<ymax>1414</ymax>
</bndbox>
</object>
<object>
<name>grass</name>
<pose>Unspecified</pose>
<truncated>0</truncated>
<difficult>0</difficult>
<bndbox>
<xmin>539</xmin>
<ymin>1261</ymin>
<xmax>584</xmax>
<ymax>1309</ymax>
</bndbox>
</object>
<object>
<name>grass</name>
<pose>Unspecified</pose>
<truncated>0</truncated>
<difficult>0</difficult>
<bndbox>
<xmin>783</xmin>
<ymin>1246</ymin>
<xmax>950</xmax>
<ymax>1343</ymax>
</bndbox>
</object>
<object>
<name>grass</name>
<pose>Unspecified</pose>
<truncated>0</truncated>
<difficult>0</difficult>
<bndbox>
<xmin>722</xmin>
<ymin>1268</ymin>
<xmax>767</xmax>
<ymax>1371</ymax>
</bndbox>
</object>
<object>
<name>grass</name>
<pose>Unspecified</pose>
<truncated>0</truncated>
<difficult>0</difficult>
<bndbox>
<xmin>996</xmin>
<ymin>1249</ymin>
<xmax>1178</xmax>
<ymax>1309</ymax>
</bndbox>
</object>
<object>
<name>grass</name>
<pose>Unspecified</pose>
<truncated>0</truncated>
<difficult>0</difficult>
<bndbox>
<xmin>1170</xmin>
<ymin>1414</ymin>
<xmax>1276</xmax>
<ymax>1471</ymax>
</bndbox>
</object>
</annotation>
