<?xml version="1.0" encoding="utf-8"?>
<annotation>
<folder>images</folder>
<filename>d41c2fea-rock_47.jpg</filename>
<source>
<database>MyDatabase</database>
<annotation>COCO2017</annotation>
<image>flickr</image>
<flickrid>NULL</flickrid>
<annotator>1</annotator>
</source>
<owner>
<flickrid>NULL</flickrid>
<name>Label Studio</name>
</owner>
<size>
<width>1024</width>
<height>1024</height>
<depth>3</depth>
</size>
<segmented>0</segmented>
<object>
<name>grass</name>
<pose>Unspecified</pose>
<truncated>0</truncated>
<difficult>0</difficult>
<bndbox>
<xmin>14</xmin>
<ymin>777</ymin>
<xmax>460</xmax>
<ymax>888</ymax>
</bndbox>
</object>
<object>
<name>grass</name>
<pose>Unspecified</pose>
<truncated>0</truncated>
<difficult>0</difficult>
<bndbox>
<xmin>486</xmin>
<ymin>725</ymin>
<xmax>1012</xmax>
<ymax>816</ymax>
</bndbox>
</object>
<object>
<name>grass</name>
<pose>Unspecified</pose>
<truncated>0</truncated>
<difficult>0</difficult>
<bndbox>
<xmin>495</xmin>
<ymin>828</ymin>
<xmax>774</xmax>
<ymax>857</ymax>
</bndbox>
</object>
<object>
<name>grass</name>
<pose>Unspecified</pose>
<truncated>0</truncated>
<difficult>0</difficult>
<bndbox>
<xmin>521</xmin>
<ymin>473</ymin>
<xmax>658</xmax>
<ymax>705</ymax>
</bndbox>
</object>
<object>
<name>grass</name>
<pose>Unspecified</pose>
<truncated>0</truncated>
<difficult>0</difficult>
<bndbox>
<xmin>363</xmin>
<ymin>735</ymin>
<xmax>467</xmax>
<ymax>762</ymax>
</bndbox>
</object>
<object>
<name>grass</name>
<pose>Unspecified</pose>
<truncated>0</truncated>
<difficult>0</difficult>
<bndbox>
<xmin>678</xmin>
<ymin>464</ymin>
<xmax>767</xmax>
<ymax>515</ymax>
</bndbox>
</object>
<object>
<name>grass</name>
<pose>Unspecified</pose>
<truncated>0</truncated>
<difficult>0</difficult>
<bndbox>
<xmin>482</xmin>
<ymin>522</ymin>
<xmax>511</xmax>
<ymax>576</ymax>
</bndbox>
</object>
<object>
<name>tree root</name>
<pose>Unspecified</pose>
<truncated>0</truncated>
<difficult>0</difficult>
<bndbox>
<xmin>184</xmin>
<ymin>435</ymin>
<xmax>200</xmax>
<ymax>508</ymax>
</bndbox>
</object>
<object>
<name>dirt</name>
<pose>Unspecified</pose>
<truncated>0</truncated>
<difficult>0</difficult>
<bndbox>
<xmin>60</xmin>
<ymin>928</ymin>
<xmax>996</xmax>
<ymax>1006</ymax>
</bndbox>
</object>
<object>
<name>dirt</name>
<pose>Unspecified</pose>
<truncated>0</truncated>
<difficult>0</difficult>
<bndbox>
<xmin>736</xmin>
<ymin>875</ymin>
<xmax>993</xmax>
<ymax>917</ymax>
</bndbox>
</object>
<object>
<name>dirt</name>
<pose>Unspecified</pose>
<truncated>0</truncated>
<difficult>0</difficult>
<bndbox>
<xmin>616</xmin>
<ymin>897</ymin>
<xmax>731</xmax>
<ymax>922</ymax>
</bndbox>
</object>
<object>
<name>dirt</name>
<pose>Unspecified</pose>
<truncated>0</truncated>
<difficult>0</difficult>
<bndbox>
<xmin>32</xmin>
<ymin>638</ymin>
<xmax>428</xmax>
<ymax>703</ymax>
</bndbox>
</object>
<object>
<name>dirt</name>
<pose>Unspecified</pose>
<truncated>0</truncated>
<difficult>0</difficult>
<bndbox>
<xmin>38</xmin>
<ymin>711</ymin>
<xmax>297</xmax>
<ymax>738</ymax>
</bndbox>
</object>
<object>
<name>dirt</name>
<pose>Unspecified</pose>
<truncated>0</truncated>
<difficult>0</difficult>
<bndbox>
<xmin>330</xmin>
<ymin>513</ymin>
<xmax>432</xmax>
<ymax>633</ymax>
</bndbox>
</object>
<object>
<name>dirt</name>
<pose>Unspecified</pose>
<truncated>0</truncated>
<difficult>0</difficult>
<bndbox>
<xmin>446</xmin>
<ymin>597</ymin>
<xmax>477</xmax>
<ymax>666</ymax>
</bndbox>
</object>
<object>
<name>dirt</name>
<pose>Unspecified</pose>
<truncated>0</truncated>
<difficult>0</difficult>
<bndbox>
<xmin>78</xmin>
<ymin>601</ymin>
<xmax>209</xmax>
<ymax>630</ymax>
</bndbox>
</object>
<object>
<name>dirt</name>
<pose>Unspecified</pose>
<truncated>0</truncated>
<difficult>0</difficult>
<bndbox>
<xmin>817</xmin>
<ymin>471</ymin>
<xmax>857</xmax>
<ymax>542</ymax>
</bndbox>
</object>
<object>
<name>dirt</name>
<pose>Unspecified</pose>
<truncated>0</truncated>
<difficult>0</difficult>
<bndbox>
<xmin>76</xmin>
<ymin>440</ymin>
<xmax>110</xmax>
<ymax>476</ymax>
</bndbox>
</object>
<object>
<name>dirt</name>
<pose>Unspecified</pose>
<truncated>0</truncated>
<difficult>0</difficult>
<bndbox>
<xmin>10</xmin>
<ymin>480</ymin>
<xmax>31</xmax>
<ymax>512</ymax>
</bndbox>
</object>
<object>
<name>rock</name>
<pose>Unspecified</pose>
<truncated>0</truncated>
<difficult>0</difficult>
<bndbox>
<xmin>115</xmin>
<ymin>502</ymin>
<xmax>164</xmax>
<ymax>540</ymax>
</bndbox>
</object>
<object>
<name>rock</name>
<pose>Unspecified</pose>
<truncated>0</truncated>
<difficult>0</difficult>
<bndbox>
<xmin>3</xmin>
<ymin>546</ymin>
<xmax>30</xmax>
<ymax>586</ymax>
</bndbox>
</object>
<object>
<name>rock</name>
<pose>Unspecified</pose>
<truncated>0</truncated>
<difficult>0</difficult>
<bndbox>
<xmin>384</xmin>
<ymin>413</ymin>
<xmax>583</xmax>
<ymax>451</ymax>
</bndbox>
</object>
<object>
<name>rock</name>
<pose>Unspecified</pose>
<truncated>0</truncated>
<difficult>0</difficult>
<bndbox>
<xmin>405</xmin>
<ymin>374</ymin>
<xmax>456</xmax>
<ymax>410</ymax>
</bndbox>
</object>
<object>
<name>rock</name>
<pose>Unspecified</pose>
<truncated>0</truncated>
<difficult>0</difficult>
<bndbox>
<xmin>577</xmin>
<ymin>394</ymin>
<xmax>684</xmax>
<ymax>428</ymax>
</bndbox>
</object>
<object>
<name>rock</name>
<pose>Unspecified</pose>
<truncated>0</truncated>
<difficult>0</difficult>
<bndbox>
<xmin>722</xmin>
<ymin>396</ymin>
<xmax>884</xmax>
<ymax>447</ymax>
</bndbox>
</object>
<object>
<name>rock</name>
<pose>Unspecified</pose>
<truncated>0</truncated>
<difficult>0</difficult>
<bndbox>
<xmin>877</xmin>
<ymin>506</ymin>
<xmax>1023</xmax>
<ymax>584</ymax>
</bndbox>
</object>
</annotation>
