<?xml version="1.0" encoding="utf-8"?>
<annotation>
<folder>images</folder>
<filename>d8d9b213-dirt_71.jpg</filename>
<source>
<database>MyDatabase</database>
<annotation>COCO2017</annotation>
<image>flickr</image>
<flickrid>NULL</flickrid>
<annotator>1</annotator>
</source>
<owner>
<flickrid>NULL</flickrid>
<name>Label Studio</name>
</owner>
<size>
<width>624</width>
<height>416</height>
<depth>3</depth>
</size>
<segmented>0</segmented>
<object>
<name>dirt</name>
<pose>Unspecified</pose>
<truncated>0</truncated>
<difficult>0</difficult>
<bndbox>
<xmin>12</xmin>
<ymin>286</ymin>
<xmax>295</xmax>
<ymax>404</ymax>
</bndbox>
</object>
<object>
<name>dirt</name>
<pose>Unspecified</pose>
<truncated>0</truncated>
<difficult>0</difficult>
<bndbox>
<xmin>317</xmin>
<ymin>317</ymin>
<xmax>429</xmax>
<ymax>403</ymax>
</bndbox>
</object>
<object>
<name>dirt</name>
<pose>Unspecified</pose>
<truncated>0</truncated>
<difficult>0</difficult>
<bndbox>
<xmin>447</xmin>
<ymin>236</ymin>
<xmax>620</xmax>
<ymax>279</ymax>
</bndbox>
</object>
<object>
<name>dirt</name>
<pose>Unspecified</pose>
<truncated>0</truncated>
<difficult>0</difficult>
<bndbox>
<xmin>525</xmin>
<ymin>286</ymin>
<xmax>615</xmax>
<ymax>320</ymax>
</bndbox>
</object>
<object>
<name>dirt</name>
<pose>Unspecified</pose>
<truncated>0</truncated>
<difficult>0</difficult>
<bndbox>
<xmin>569</xmin>
<ymin>327</ymin>
<xmax>622</xmax>
<ymax>350</ymax>
</bndbox>
</object>
<object>
<name>dirt</name>
<pose>Unspecified</pose>
<truncated>0</truncated>
<difficult>0</difficult>
<bndbox>
<xmin>8</xmin>
<ymin>107</ymin>
<xmax>149</xmax>
<ymax>260</ymax>
</bndbox>
</object>
<object>
<name>dirt</name>
<pose>Unspecified</pose>
<truncated>0</truncated>
<difficult>0</difficult>
<bndbox>
<xmin>160</xmin>
<ymin>137</ymin>
<xmax>221</xmax>
<ymax>261</ymax>
</bndbox>
</object>
<object>
<name>dirt</name>
<pose>Unspecified</pose>
<truncated>0</truncated>
<difficult>0</difficult>
<bndbox>
<xmin>228</xmin>
<ymin>184</ymin>
<xmax>271</xmax>
<ymax>268</ymax>
</bndbox>
</object>
<object>
<name>dirt</name>
<pose>Unspecified</pose>
<truncated>0</truncated>
<difficult>0</difficult>
<bndbox>
<xmin>282</xmin>
<ymin>210</ymin>
<xmax>315</xmax>
<ymax>267</ymax>
</bndbox>
</object>
<object>
<name>dirt</name>
<pose>Unspecified</pose>
<truncated>0</truncated>
<difficult>0</difficult>
<bndbox>
<xmin>320</xmin>
<ymin>234</ymin>
<xmax>351</xmax>
<ymax>270</ymax>
</bndbox>
</object>
<object>
<name>dirt</name>
<pose>Unspecified</pose>
<truncated>0</truncated>
<difficult>0</difficult>
<bndbox>
<xmin>359</xmin>
<ymin>251</ymin>
<xmax>442</xmax>
<ymax>279</ymax>
</bndbox>
</object>
<object>
<name>tree root</name>
<pose>Unspecified</pose>
<truncated>0</truncated>
<difficult>0</difficult>
<bndbox>
<xmin>425</xmin>
<ymin>15</ymin>
<xmax>441</xmax>
<ymax>84</ymax>
</bndbox>
</object>
<object>
<name>grass</name>
<pose>Unspecified</pose>
<truncated>0</truncated>
<difficult>0</difficult>
<bndbox>
<xmin>228</xmin>
<ymin>135</ymin>
<xmax>353</xmax>
<ymax>160</ymax>
</bndbox>
</object>
<object>
<name>grass</name>
<pose>Unspecified</pose>
<truncated>0</truncated>
<difficult>0</difficult>
<bndbox>
<xmin>286</xmin>
<ymin>167</ymin>
<xmax>615</xmax>
<ymax>198</ymax>
</bndbox>
</object>
<object>
<name>grass</name>
<pose>Unspecified</pose>
<truncated>0</truncated>
<difficult>0</difficult>
<bndbox>
<xmin>335</xmin>
<ymin>201</ymin>
<xmax>618</xmax>
<ymax>226</ymax>
</bndbox>
</object>
<object>
<name>grass</name>
<pose>Unspecified</pose>
<truncated>0</truncated>
<difficult>0</difficult>
<bndbox>
<xmin>364</xmin>
<ymin>142</ymin>
<xmax>612</xmax>
<ymax>164</ymax>
</bndbox>
</object>
<object>
<name>grass</name>
<pose>Unspecified</pose>
<truncated>0</truncated>
<difficult>0</difficult>
<bndbox>
<xmin>249</xmin>
<ymin>75</ymin>
<xmax>416</xmax>
<ymax>105</ymax>
</bndbox>
</object>
<object>
<name>grass</name>
<pose>Unspecified</pose>
<truncated>0</truncated>
<difficult>0</difficult>
<bndbox>
<xmin>427</xmin>
<ymin>99</ymin>
<xmax>450</xmax>
<ymax>113</ymax>
</bndbox>
</object>
<object>
<name>grass</name>
<pose>Unspecified</pose>
<truncated>0</truncated>
<difficult>0</difficult>
<bndbox>
<xmin>180</xmin>
<ymin>89</ymin>
<xmax>209</xmax>
<ymax>106</ymax>
</bndbox>
</object>
<object>
<name>grass</name>
<pose>Unspecified</pose>
<truncated>0</truncated>
<difficult>0</difficult>
<bndbox>
<xmin>228</xmin>
<ymin>83</ymin>
<xmax>246</xmax>
<ymax>109</ymax>
</bndbox>
</object>
</annotation>
