<?xml version="1.0" encoding="utf-8"?>
<annotation>
<folder>images</folder>
<filename>f738a200-tree_9.jpg</filename>
<source>
<database>MyDatabase</database>
<annotation>COCO2017</annotation>
<image>flickr</image>
<flickrid>NULL</flickrid>
<annotator>1</annotator>
</source>
<owner>
<flickrid>NULL</flickrid>
<name>Label Studio</name>
</owner>
<size>
<width>1800</width>
<height>1200</height>
<depth>3</depth>
</size>
<segmented>0</segmented>
<object>
<name>tree root</name>
<pose>Unspecified</pose>
<truncated>0</truncated>
<difficult>0</difficult>
<bndbox>
<xmin>863</xmin>
<ymin>771</ymin>
<xmax>912</xmax>
<ymax>944</ymax>
</bndbox>
</object>
<object>
<name>tree root</name>
<pose>Unspecified</pose>
<truncated>0</truncated>
<difficult>0</difficult>
<bndbox>
<xmin>859</xmin>
<ymin>675</ymin>
<xmax>908</xmax>
<ymax>771</ymax>
</bndbox>
</object>
<object>
<name>dirt</name>
<pose>Unspecified</pose>
<truncated>0</truncated>
<difficult>0</difficult>
<bndbox>
<xmin>608</xmin>
<ymin>1045</ymin>
<xmax>1152</xmax>
<ymax>1100</ymax>
</bndbox>
</object>
<object>
<name>dirt</name>
<pose>Unspecified</pose>
<truncated>0</truncated>
<difficult>0</difficult>
<bndbox>
<xmin>720</xmin>
<ymin>985</ymin>
<xmax>1028</xmax>
<ymax>1038</ymax>
</bndbox>
</object>
<object>
<name>dirt</name>
<pose>Unspecified</pose>
<truncated>0</truncated>
<difficult>0</difficult>
<bndbox>
<xmin>805</xmin>
<ymin>938</ymin>
<xmax>942</xmax>
<ymax>983</ymax>
</bndbox>
</object>
<object>
<name>grass</name>
<pose>Unspecified</pose>
<truncated>0</truncated>
<difficult>0</difficult>
<bndbox>
<xmin>17</xmin>
<ymin>767</ymin>
<xmax>529</xmax>
<ymax>1187</ymax>
</bndbox>
</object>
<object>
<name>grass</name>
<pose>Unspecified</pose>
<truncated>0</truncated>
<difficult>0</difficult>
<bndbox>
<xmin>563</xmin>
<ymin>790</ymin>
<xmax>815</xmax>
<ymax>920</ymax>
</bndbox>
</object>
<object>
<name>grass</name>
<pose>Unspecified</pose>
<truncated>0</truncated>
<difficult>0</difficult>
<bndbox>
<xmin>569</xmin>
<ymin>1127</ymin>
<xmax>1784</xmax>
<ymax>1180</ymax>
</bndbox>
</object>
<object>
<name>grass</name>
<pose>Unspecified</pose>
<truncated>0</truncated>
<difficult>0</difficult>
<bndbox>
<xmin>1274</xmin>
<ymin>818</ymin>
<xmax>1786</xmax>
<ymax>1109</ymax>
</bndbox>
</object>
<object>
<name>grass</name>
<pose>Unspecified</pose>
<truncated>0</truncated>
<difficult>0</difficult>
<bndbox>
<xmin>983</xmin>
<ymin>799</ymin>
<xmax>1257</xmax>
<ymax>959</ymax>
</bndbox>
</object>
<object>
<name>grass</name>
<pose>Unspecified</pose>
<truncated>0</truncated>
<difficult>0</difficult>
<bndbox>
<xmin>72</xmin>
<ymin>705</ymin>
<xmax>813</xmax>
<ymax>737</ymax>
</bndbox>
</object>
<object>
<name>grass</name>
<pose>Unspecified</pose>
<truncated>0</truncated>
<difficult>0</difficult>
<bndbox>
<xmin>951</xmin>
<ymin>730</ymin>
<xmax>1780</xmax>
<ymax>755</ymax>
</bndbox>
</object>
</annotation>
