<?xml version="1.0" encoding="utf-8"?>
<annotation>
<folder>images</folder>
<filename>bb6c9df8-rock_59.jpg</filename>
<source>
<database>MyDatabase</database>
<annotation>COCO2017</annotation>
<image>flickr</image>
<flickrid>NULL</flickrid>
<annotator>1</annotator>
</source>
<owner>
<flickrid>NULL</flickrid>
<name>Label Studio</name>
</owner>
<size>
<width>1067</width>
<height>800</height>
<depth>3</depth>
</size>
<segmented>0</segmented>
<object>
<name>rock</name>
<pose>Unspecified</pose>
<truncated>0</truncated>
<difficult>0</difficult>
<bndbox>
<xmin>82</xmin>
<ymin>145</ymin>
<xmax>1020</xmax>
<ymax>743</ymax>
</bndbox>
</object>
<object>
<name>rock</name>
<pose>Unspecified</pose>
<truncated>0</truncated>
<difficult>0</difficult>
<bndbox>
<xmin>795</xmin>
<ymin>4</ymin>
<xmax>1062</xmax>
<ymax>459</ymax>
</bndbox>
</object>
</annotation>
