<?xml version="1.0" encoding="utf-8"?>
<annotation>
<folder>images</folder>
<filename>be480474-rock_61.jpg</filename>
<source>
<database>MyDatabase</database>
<annotation>COCO2017</annotation>
<image>flickr</image>
<flickrid>NULL</flickrid>
<annotator>1</annotator>
</source>
<owner>
<flickrid>NULL</flickrid>
<name>Label Studio</name>
</owner>
<size>
<width>200</width>
<height>133</height>
<depth>3</depth>
</size>
<segmented>0</segmented>
<object>
<name>rock</name>
<pose>Unspecified</pose>
<truncated>0</truncated>
<difficult>0</difficult>
<bndbox>
<xmin>54</xmin>
<ymin>35</ymin>
<xmax>150</xmax>
<ymax>88</ymax>
</bndbox>
</object>
</annotation>
