<?xml version="1.0" encoding="utf-8"?>
<annotation>
<folder>images</folder>
<filename>fe9567a9-rock_66.jpg</filename>
<source>
<database>MyDatabase</database>
<annotation>COCO2017</annotation>
<image>flickr</image>
<flickrid>NULL</flickrid>
<annotator>1</annotator>
</source>
<owner>
<flickrid>NULL</flickrid>
<name>Label Studio</name>
</owner>
<size>
<width>318</width>
<height>159</height>
<depth>3</depth>
</size>
<segmented>0</segmented>
<object>
<name>rock</name>
<pose>Unspecified</pose>
<truncated>0</truncated>
<difficult>0</difficult>
<bndbox>
<xmin>1</xmin>
<ymin>1</ymin>
<xmax>314</xmax>
<ymax>156</ymax>
</bndbox>
</object>
</annotation>
