<?xml version="1.0" encoding="utf-8"?>
<annotation>
<folder>images</folder>
<filename>086bf676-tree_13.jpg</filename>
<source>
<database>MyDatabase</database>
<annotation>COCO2017</annotation>
<image>flickr</image>
<flickrid>NULL</flickrid>
<annotator>1</annotator>
</source>
<owner>
<flickrid>NULL</flickrid>
<name>Label Studio</name>
</owner>
<size>
<width>2504</width>
<height>1674</height>
<depth>3</depth>
</size>
<segmented>0</segmented>
<object>
<name>tree</name>
<pose>Unspecified</pose>
<truncated>0</truncated>
<difficult>0</difficult>
<bndbox>
<xmin>519</xmin>
<ymin>750</ymin>
<xmax>1095</xmax>
<ymax>1165</ymax>
</bndbox>
</object>
<object>
<name>grass</name>
<pose>Unspecified</pose>
<truncated>0</truncated>
<difficult>0</difficult>
<bndbox>
<xmin>25</xmin>
<ymin>1146</ymin>
<xmax>2486</xmax>
<ymax>1639</ymax>
</bndbox>
</object>
<object>
<name>grass</name>
<pose>Unspecified</pose>
<truncated>0</truncated>
<difficult>0</difficult>
<bndbox>
<xmin>1181</xmin>
<ymin>686</ymin>
<xmax>2456</xmax>
<ymax>1115</ymax>
</bndbox>
</object>
<object>
<name>grass</name>
<pose>Unspecified</pose>
<truncated>0</truncated>
<difficult>0</difficult>
<bndbox>
<xmin>25</xmin>
<ymin>764</ymin>
<xmax>497</xmax>
<ymax>1133</ymax>
</bndbox>
</object>
</annotation>
