<?xml version="1.0" encoding="utf-8"?>
<annotation>
<folder>images</folder>
<filename>38e51650-tree_12.jpg</filename>
<source>
<database>MyDatabase</database>
<annotation>COCO2017</annotation>
<image>flickr</image>
<flickrid>NULL</flickrid>
<annotator>1</annotator>
</source>
<owner>
<flickrid>NULL</flickrid>
<name>Label Studio</name>
</owner>
<size>
<width>2136</width>
<height>2848</height>
<depth>3</depth>
</size>
<segmented>0</segmented>
<object>
<name>tree</name>
<pose>Unspecified</pose>
<truncated>0</truncated>
<difficult>0</difficult>
<bndbox>
<xmin>1296</xmin>
<ymin>1632</ymin>
<xmax>1596</xmax>
<ymax>2130</ymax>
</bndbox>
</object>
<object>
<name>grass</name>
<pose>Unspecified</pose>
<truncated>0</truncated>
<difficult>0</difficult>
<bndbox>
<xmin>45</xmin>
<ymin>1896</ymin>
<xmax>1280</xmax>
<ymax>2104</ymax>
</bndbox>
</object>
<object>
<name>grass</name>
<pose>Unspecified</pose>
<truncated>0</truncated>
<difficult>0</difficult>
<bndbox>
<xmin>1642</xmin>
<ymin>1993</ymin>
<xmax>2125</xmax>
<ymax>2201</ymax>
</bndbox>
</object>
</annotation>
