<?xml version="1.0" encoding="utf-8"?>
<annotation>
<folder>images</folder>
<filename>8a7d5e0d-tree_17.jpg</filename>
<source>
<database>MyDatabase</database>
<annotation>COCO2017</annotation>
<image>flickr</image>
<flickrid>NULL</flickrid>
<annotator>1</annotator>
</source>
<owner>
<flickrid>NULL</flickrid>
<name>Label Studio</name>
</owner>
<size>
<width>632</width>
<height>810</height>
<depth>3</depth>
</size>
<segmented>0</segmented>
<object>
<name>tree</name>
<pose>Unspecified</pose>
<truncated>0</truncated>
<difficult>0</difficult>
<bndbox>
<xmin>118</xmin>
<ymin>556</ymin>
<xmax>188</xmax>
<ymax>793</ymax>
</bndbox>
</object>
<object>
<name>tree</name>
<pose>Unspecified</pose>
<truncated>0</truncated>
<difficult>0</difficult>
<bndbox>
<xmin>242</xmin>
<ymin>500</ymin>
<xmax>273</xmax>
<ymax>638</ymax>
</bndbox>
</object>
</annotation>
