<?xml version="1.0" encoding="utf-8"?>
<annotation>
<folder>images</folder>
<filename>9297a451-tree_5.jpg</filename>
<source>
<database>MyDatabase</database>
<annotation>COCO2017</annotation>
<image>flickr</image>
<flickrid>NULL</flickrid>
<annotator>1</annotator>
</source>
<owner>
<flickrid>NULL</flickrid>
<name>Label Studio</name>
</owner>
<size>
<width>800</width>
<height>505</height>
<depth>3</depth>
</size>
<segmented>0</segmented>
<object>
<name>tree</name>
<pose>Unspecified</pose>
<truncated>0</truncated>
<difficult>0</difficult>
<bndbox>
<xmin>362</xmin>
<ymin>3</ymin>
<xmax>495</xmax>
<ymax>302</ymax>
</bndbox>
</object>
<object>
<name>grass</name>
<pose>Unspecified</pose>
<truncated>0</truncated>
<difficult>0</difficult>
<bndbox>
<xmin>4</xmin>
<ymin>424</ymin>
<xmax>797</xmax>
<ymax>500</ymax>
</bndbox>
</object>
</annotation>
