<?xml version="1.0" encoding="utf-8"?>
<annotation>
<folder>images</folder>
<filename>b093affc-tree_8.jpg</filename>
<source>
<database>MyDatabase</database>
<annotation>COCO2017</annotation>
<image>flickr</image>
<flickrid>NULL</flickrid>
<annotator>1</annotator>
</source>
<owner>
<flickrid>NULL</flickrid>
<name>Label Studio</name>
</owner>
<size>
<width>1000</width>
<height>1333</height>
<depth>3</depth>
</size>
<segmented>0</segmented>
<object>
<name>tree</name>
<pose>Unspecified</pose>
<truncated>0</truncated>
<difficult>0</difficult>
<bndbox>
<xmin>0</xmin>
<ymin>685</ymin>
<xmax>269</xmax>
<ymax>1320</ymax>
</bndbox>
</object>
<object>
<name>tree</name>
<pose>Unspecified</pose>
<truncated>0</truncated>
<difficult>0</difficult>
<bndbox>
<xmin>354</xmin>
<ymin>878</ymin>
<xmax>401</xmax>
<ymax>1068</ymax>
</bndbox>
</object>
<object>
<name>tree</name>
<pose>Unspecified</pose>
<truncated>0</truncated>
<difficult>0</difficult>
<bndbox>
<xmin>709</xmin>
<ymin>911</ymin>
<xmax>789</xmax>
<ymax>1058</ymax>
</bndbox>
</object>
</annotation>
