<?xml version="1.0" encoding="utf-8"?>
<annotation>
<folder>images</folder>
<filename>3b6f8975-lawn_6.jpg</filename>
<source>
<database>MyDatabase</database>
<annotation>COCO2017</annotation>
<image>flickr</image>
<flickrid>NULL</flickrid>
<annotator>1</annotator>
</source>
<owner>
<flickrid>NULL</flickrid>
<name>Label Studio</name>
</owner>
<size>
<width>300</width>
<height>168</height>
<depth>3</depth>
</size>
<segmented>0</segmented>
<object>
<name>grass</name>
<pose>Unspecified</pose>
<truncated>0</truncated>
<difficult>0</difficult>
<bndbox>
<xmin>1</xmin>
<ymin>64</ymin>
<xmax>297</xmax>
<ymax>164</ymax>
</bndbox>
</object>
</annotation>
