<?xml version="1.0" encoding="utf-8"?>
<annotation>
<folder>images</folder>
<filename>801008cd-grass_54.jpg</filename>
<source>
<database>MyDatabase</database>
<annotation>COCO2017</annotation>
<image>flickr</image>
<flickrid>NULL</flickrid>
<annotator>1</annotator>
</source>
<owner>
<flickrid>NULL</flickrid>
<name>Label Studio</name>
</owner>
<size>
<width>2560</width>
<height>1520</height>
<depth>3</depth>
</size>
<segmented>0</segmented>
<object>
<name>grass</name>
<pose>Unspecified</pose>
<truncated>0</truncated>
<difficult>0</difficult>
<bndbox>
<xmin>8</xmin>
<ymin>359</ymin>
<xmax>2090</xmax>
<ymax>1261</ymax>
</bndbox>
</object>
<object>
<name>grass</name>
<pose>Unspecified</pose>
<truncated>0</truncated>
<difficult>0</difficult>
<bndbox>
<xmin>2099</xmin>
<ymin>407</ymin>
<xmax>2550</xmax>
<ymax>1230</ymax>
</bndbox>
</object>
<object>
<name>grass</name>
<pose>Unspecified</pose>
<truncated>0</truncated>
<difficult>0</difficult>
<bndbox>
<xmin>1087</xmin>
<ymin>236</ymin>
<xmax>1976</xmax>
<ymax>358</ymax>
</bndbox>
</object>
<object>
<name>tree</name>
<pose>Unspecified</pose>
<truncated>0</truncated>
<difficult>0</difficult>
<bndbox>
<xmin>583</xmin>
<ymin>13</ymin>
<xmax>683</xmax>
<ymax>324</ymax>
</bndbox>
</object>
<object>
<name>tree</name>
<pose>Unspecified</pose>
<truncated>0</truncated>
<difficult>0</difficult>
<bndbox>
<xmin>775</xmin>
<ymin>0</ymin>
<xmax>849</xmax>
<ymax>354</ymax>
</bndbox>
</object>
</annotation>
