<?xml version="1.0" encoding="utf-8"?>
<annotation>
<folder>images</folder>
<filename>80902f2f-lawn_5.jpg</filename>
<source>
<database>MyDatabase</database>
<annotation>COCO2017</annotation>
<image>flickr</image>
<flickrid>NULL</flickrid>
<annotator>1</annotator>
</source>
<owner>
<flickrid>NULL</flickrid>
<name>Label Studio</name>
</owner>
<size>
<width>318</width>
<height>159</height>
<depth>3</depth>
</size>
<segmented>0</segmented>
<object>
<name>grass</name>
<pose>Unspecified</pose>
<truncated>0</truncated>
<difficult>0</difficult>
<bndbox>
<xmin>2</xmin>
<ymin>87</ymin>
<xmax>315</xmax>
<ymax>155</ymax>
</bndbox>
</object>
</annotation>
