<?xml version="1.0" encoding="utf-8"?>
<annotation>
<folder>images</folder>
<filename>d5cd1674-grass_51.jpg</filename>
<source>
<database>MyDatabase</database>
<annotation>COCO2017</annotation>
<image>flickr</image>
<flickrid>NULL</flickrid>
<annotator>1</annotator>
</source>
<owner>
<flickrid>NULL</flickrid>
<name>Label Studio</name>
</owner>
<size>
<width>1024</width>
<height>576</height>
<depth>3</depth>
</size>
<segmented>0</segmented>
<object>
<name>grass</name>
<pose>Unspecified</pose>
<truncated>0</truncated>
<difficult>0</difficult>
<bndbox>
<xmin>7</xmin>
<ymin>218</ymin>
<xmax>847</xmax>
<ymax>566</ymax>
</bndbox>
</object>
<object>
<name>grass</name>
<pose>Unspecified</pose>
<truncated>0</truncated>
<difficult>0</difficult>
<bndbox>
<xmin>851</xmin>
<ymin>222</ymin>
<xmax>1018</xmax>
<ymax>560</ymax>
</bndbox>
</object>
</annotation>
