<?xml version="1.0" encoding="utf-8"?>
<annotation>
<folder>images</folder>
<filename>e791af94-grass_58.jpg</filename>
<source>
<database>MyDatabase</database>
<annotation>COCO2017</annotation>
<image>flickr</image>
<flickrid>NULL</flickrid>
<annotator>2</annotator>
</source>
<owner>
<flickrid>NULL</flickrid>
<name>Label Studio</name>
</owner>
<size>
<width>2048</width>
<height>1152</height>
<depth>3</depth>
</size>
<segmented>0</segmented>
<object>
<name>grass</name>
<pose>Unspecified</pose>
<truncated>0</truncated>
<difficult>0</difficult>
<bndbox>
<xmin>10</xmin>
<ymin>325</ymin>
<xmax>2029</xmax>
<ymax>1126</ymax>
</bndbox>
</object>
<object>
<name>tree</name>
<pose>Unspecified</pose>
<truncated>0</truncated>
<difficult>0</difficult>
<bndbox>
<xmin>775</xmin>
<ymin>262</ymin>
<xmax>852</xmax>
<ymax>430</ymax>
</bndbox>
</object>
</annotation>
