<?xml version="1.0" encoding="utf-8"?>
<annotation>
<folder>images</folder>
<filename>1b6fde79-tree_15.jpg</filename>
<source>
<database>MyDatabase</database>
<annotation>COCO2017</annotation>
<image>flickr</image>
<flickrid>NULL</flickrid>
<annotator>1</annotator>
</source>
<owner>
<flickrid>NULL</flickrid>
<name>Label Studio</name>
</owner>
<size>
<width>1500</width>
<height>1001</height>
<depth>3</depth>
</size>
<segmented>0</segmented>
<object>
<name>tree</name>
<pose>Unspecified</pose>
<truncated>0</truncated>
<difficult>0</difficult>
<bndbox>
<xmin>650</xmin>
<ymin>709</ymin>
<xmax>717</xmax>
<ymax>873</ymax>
</bndbox>
</object>
<object>
<name>tree</name>
<pose>Unspecified</pose>
<truncated>0</truncated>
<difficult>0</difficult>
<bndbox>
<xmin>1369</xmin>
<ymin>682</ymin>
<xmax>1419</xmax>
<ymax>832</ymax>
</bndbox>
</object>
<object>
<name>grass</name>
<pose>Unspecified</pose>
<truncated>0</truncated>
<difficult>0</difficult>
<bndbox>
<xmin>10</xmin>
<ymin>785</ymin>
<xmax>636</xmax>
<ymax>980</ymax>
</bndbox>
</object>
<object>
<name>grass</name>
<pose>Unspecified</pose>
<truncated>0</truncated>
<difficult>0</difficult>
<bndbox>
<xmin>734</xmin>
<ymin>767</ymin>
<xmax>1355</xmax>
<ymax>990</ymax>
</bndbox>
</object>
</annotation>
