<?xml version="1.0" encoding="utf-8"?>
<annotation>
<folder>images</folder>
<filename>2f398b2f-tree_4.jpg</filename>
<source>
<database>MyDatabase</database>
<annotation>COCO2017</annotation>
<image>flickr</image>
<flickrid>NULL</flickrid>
<annotator>1</annotator>
</source>
<owner>
<flickrid>NULL</flickrid>
<name>Label Studio</name>
</owner>
<size>
<width>3300</width>
<height>4200</height>
<depth>3</depth>
</size>
<segmented>0</segmented>
<object>
<name>tree</name>
<pose>Unspecified</pose>
<truncated>0</truncated>
<difficult>0</difficult>
<bndbox>
<xmin>1357</xmin>
<ymin>1815</ymin>
<xmax>1859</xmax>
<ymax>2497</ymax>
</bndbox>
</object>
<object>
<name>rock</name>
<pose>Unspecified</pose>
<truncated>0</truncated>
<difficult>0</difficult>
<bndbox>
<xmin>1117</xmin>
<ymin>2939</ymin>
<xmax>1844</xmax>
<ymax>4183</ymax>
</bndbox>
</object>
</annotation>
