<?xml version="1.0" encoding="utf-8"?>
<annotation>
<folder>images</folder>
<filename>573ab71a-tree_11.jpg</filename>
<source>
<database>MyDatabase</database>
<annotation>COCO2017</annotation>
<image>flickr</image>
<flickrid>NULL</flickrid>
<annotator>1</annotator>
</source>
<owner>
<flickrid>NULL</flickrid>
<name>Label Studio</name>
</owner>
<size>
<width>3200</width>
<height>1800</height>
<depth>3</depth>
</size>
<segmented>0</segmented>
<object>
<name>tree</name>
<pose>Unspecified</pose>
<truncated>0</truncated>
<difficult>0</difficult>
<bndbox>
<xmin>1882</xmin>
<ymin>1533</ymin>
<xmax>1965</xmax>
<ymax>1751</ymax>
</bndbox>
</object>
<object>
<name>grass</name>
<pose>Unspecified</pose>
<truncated>0</truncated>
<difficult>0</difficult>
<bndbox>
<xmin>5</xmin>
<ymin>1570</ymin>
<xmax>1878</xmax>
<ymax>1777</ymax>
</bndbox>
</object>
</annotation>
