<?xml version="1.0" encoding="utf-8"?>
<annotation>
<folder>images</folder>
<filename>8b5ae5ab-tree_2.jpg</filename>
<source>
<database>MyDatabase</database>
<annotation>COCO2017</annotation>
<image>flickr</image>
<flickrid>NULL</flickrid>
<annotator>1</annotator>
</source>
<owner>
<flickrid>NULL</flickrid>
<name>Label Studio</name>
</owner>
<size>
<width>2121</width>
<height>1414</height>
<depth>3</depth>
</size>
<segmented>0</segmented>
<object>
<name>tree</name>
<pose>Unspecified</pose>
<truncated>0</truncated>
<difficult>0</difficult>
<bndbox>
<xmin>1252</xmin>
<ymin>845</ymin>
<xmax>1466</xmax>
<ymax>1142</ymax>
</bndbox>
</object>
<object>
<name>tree</name>
<pose>Unspecified</pose>
<truncated>0</truncated>
<difficult>0</difficult>
<bndbox>
<xmin>1025</xmin>
<ymin>795</ymin>
<xmax>1249</xmax>
<ymax>1032</ymax>
</bndbox>
</object>
<object>
<name>grass</name>
<pose>Unspecified</pose>
<truncated>0</truncated>
<difficult>0</difficult>
<bndbox>
<xmin>14</xmin>
<ymin>916</ymin>
<xmax>827</xmax>
<ymax>1403</ymax>
</bndbox>
</object>
<object>
<name>grass</name>
<pose>Unspecified</pose>
<truncated>0</truncated>
<difficult>0</difficult>
<bndbox>
<xmin>842</xmin>
<ymin>1170</ymin>
<xmax>2109</xmax>
<ymax>1402</ymax>
</bndbox>
</object>
</annotation>
