<?xml version="1.0" encoding="utf-8"?>
<annotation>
<folder>images</folder>
<filename>8e540d18-tree_14.jpg</filename>
<source>
<database>MyDatabase</database>
<annotation>COCO2017</annotation>
<image>flickr</image>
<flickrid>NULL</flickrid>
<annotator>1</annotator>
</source>
<owner>
<flickrid>NULL</flickrid>
<name>Label Studio</name>
</owner>
<size>
<width>569</width>
<height>705</height>
<depth>3</depth>
</size>
<segmented>0</segmented>
<object>
<name>tree</name>
<pose>Unspecified</pose>
<truncated>0</truncated>
<difficult>0</difficult>
<bndbox>
<xmin>31</xmin>
<ymin>431</ymin>
<xmax>101</xmax>
<ymax>660</ymax>
</bndbox>
</object>
<object>
<name>tree</name>
<pose>Unspecified</pose>
<truncated>0</truncated>
<difficult>0</difficult>
<bndbox>
<xmin>473</xmin>
<ymin>365</ymin>
<xmax>540</xmax>
<ymax>645</ymax>
</bndbox>
</object>
<object>
<name>tree</name>
<pose>Unspecified</pose>
<truncated>0</truncated>
<difficult>0</difficult>
<bndbox>
<xmin>104</xmin>
<ymin>404</ymin>
<xmax>145</xmax>
<ymax>625</ymax>
</bndbox>
</object>
<object>
<name>tree</name>
<pose>Unspecified</pose>
<truncated>0</truncated>
<difficult>0</difficult>
<bndbox>
<xmin>397</xmin>
<ymin>392</ymin>
<xmax>442</xmax>
<ymax>617</ymax>
</bndbox>
</object>
<object>
<name>tree</name>
<pose>Unspecified</pose>
<truncated>0</truncated>
<difficult>0</difficult>
<bndbox>
<xmin>370</xmin>
<ymin>410</ymin>
<xmax>400</xmax>
<ymax>615</ymax>
</bndbox>
</object>
<object>
<name>tree</name>
<pose>Unspecified</pose>
<truncated>0</truncated>
<difficult>0</difficult>
<bndbox>
<xmin>143</xmin>
<ymin>390</ymin>
<xmax>173</xmax>
<ymax>610</ymax>
</bndbox>
</object>
<object>
<name>tree</name>
<pose>Unspecified</pose>
<truncated>0</truncated>
<difficult>0</difficult>
<bndbox>
<xmin>328</xmin>
<ymin>460</ymin>
<xmax>344</xmax>
<ymax>604</ymax>
</bndbox>
</object>
<object>
<name>tree</name>
<pose>Unspecified</pose>
<truncated>0</truncated>
<difficult>0</difficult>
<bndbox>
<xmin>182</xmin>
<ymin>459</ymin>
<xmax>198</xmax>
<ymax>606</ymax>
</bndbox>
</object>
<object>
<name>grass</name>
<pose>Unspecified</pose>
<truncated>0</truncated>
<difficult>0</difficult>
<bndbox>
<xmin>219</xmin>
<ymin>538</ymin>
<xmax>317</xmax>
<ymax>697</ymax>
</bndbox>
</object>
<object>
<name>grass</name>
<pose>Unspecified</pose>
<truncated>0</truncated>
<difficult>0</difficult>
<bndbox>
<xmin>2</xmin>
<ymin>615</ymin>
<xmax>210</xmax>
<ymax>694</ymax>
</bndbox>
</object>
<object>
<name>grass</name>
<pose>Unspecified</pose>
<truncated>0</truncated>
<difficult>0</difficult>
<bndbox>
<xmin>324</xmin>
<ymin>610</ymin>
<xmax>564</xmax>
<ymax>694</ymax>
</bndbox>
</object>
</annotation>
