<?xml version="1.0" encoding="utf-8"?>
<annotation>
<folder>images</folder>
<filename>c53a2822-tree_1.jpg</filename>
<source>
<database>MyDatabase</database>
<annotation>COCO2017</annotation>
<image>flickr</image>
<flickrid>NULL</flickrid>
<annotator>1</annotator>
</source>
<owner>
<flickrid>NULL</flickrid>
<name>Label Studio</name>
</owner>
<size>
<width>2448</width>
<height>2448</height>
<depth>3</depth>
</size>
<segmented>0</segmented>
<object>
<name>tree</name>
<pose>Unspecified</pose>
<truncated>0</truncated>
<difficult>0</difficult>
<bndbox>
<xmin>1189</xmin>
<ymin>633</ymin>
<xmax>1473</xmax>
<ymax>1642</ymax>
</bndbox>
</object>
<object>
<name>tree</name>
<pose>Unspecified</pose>
<truncated>0</truncated>
<difficult>0</difficult>
<bndbox>
<xmin>808</xmin>
<ymin>712</ymin>
<xmax>1166</xmax>
<ymax>1621</ymax>
</bndbox>
</object>
<object>
<name>grass</name>
<pose>Unspecified</pose>
<truncated>0</truncated>
<difficult>0</difficult>
<bndbox>
<xmin>0</xmin>
<ymin>1442</ymin>
<xmax>743</xmax>
<ymax>2443</ymax>
</bndbox>
</object>
<object>
<name>grass</name>
<pose>Unspecified</pose>
<truncated>0</truncated>
<difficult>0</difficult>
<bndbox>
<xmin>756</xmin>
<ymin>1613</ymin>
<xmax>2430</xmax>
<ymax>2439</ymax>
</bndbox>
</object>
<object>
<name>grass</name>
<pose>Unspecified</pose>
<truncated>0</truncated>
<difficult>0</difficult>
<bndbox>
<xmin>1875</xmin>
<ymin>1425</ymin>
<xmax>2434</xmax>
<ymax>1612</ymax>
</bndbox>
</object>
</annotation>
