<?xml version="1.0" encoding="utf-8"?>
<annotation>
<folder>images</folder>
<filename>d480f99a-rock_37.jpg</filename>
<source>
<database>MyDatabase</database>
<annotation>COCO2017</annotation>
<image>flickr</image>
<flickrid>NULL</flickrid>
<annotator>1</annotator>
</source>
<owner>
<flickrid>NULL</flickrid>
<name>Label Studio</name>
</owner>
<size>
<width>1080</width>
<height>675</height>
<depth>3</depth>
</size>
<segmented>0</segmented>
<object>
<name>grass</name>
<pose>Unspecified</pose>
<truncated>0</truncated>
<difficult>0</difficult>
<bndbox>
<xmin>9</xmin>
<ymin>6</ymin>
<xmax>500</xmax>
<ymax>653</ymax>
</bndbox>
</object>
<object>
<name>grass</name>
<pose>Unspecified</pose>
<truncated>0</truncated>
<difficult>0</difficult>
<bndbox>
<xmin>515</xmin>
<ymin>499</ymin>
<xmax>618</xmax>
<ymax>642</ymax>
</bndbox>
</object>
<object>
<name>grass</name>
<pose>Unspecified</pose>
<truncated>0</truncated>
<difficult>0</difficult>
<bndbox>
<xmin>525</xmin>
<ymin>426</ymin>
<xmax>561</xmax>
<ymax>477</ymax>
</bndbox>
</object>
<object>
<name>grass</name>
<pose>Unspecified</pose>
<truncated>0</truncated>
<difficult>0</difficult>
<bndbox>
<xmin>640</xmin>
<ymin>570</ymin>
<xmax>689</xmax>
<ymax>657</ymax>
</bndbox>
</object>
<object>
<name>grass</name>
<pose>Unspecified</pose>
<truncated>0</truncated>
<difficult>0</difficult>
<bndbox>
<xmin>527</xmin>
<ymin>9</ymin>
<xmax>780</xmax>
<ymax>140</ymax>
</bndbox>
</object>
<object>
<name>grass</name>
<pose>Unspecified</pose>
<truncated>0</truncated>
<difficult>0</difficult>
<bndbox>
<xmin>529</xmin>
<ymin>168</ymin>
<xmax>672</xmax>
<ymax>235</ymax>
</bndbox>
</object>
<object>
<name>grass</name>
<pose>Unspecified</pose>
<truncated>0</truncated>
<difficult>0</difficult>
<bndbox>
<xmin>525</xmin>
<ymin>248</ymin>
<xmax>603</xmax>
<ymax>305</ymax>
</bndbox>
</object>
<object>
<name>grass</name>
<pose>Unspecified</pose>
<truncated>0</truncated>
<difficult>0</difficult>
<bndbox>
<xmin>811</xmin>
<ymin>4</ymin>
<xmax>889</xmax>
<ymax>58</ymax>
</bndbox>
</object>
<object>
<name>rock</name>
<pose>Unspecified</pose>
<truncated>0</truncated>
<difficult>0</difficult>
<bndbox>
<xmin>595</xmin>
<ymin>348</ymin>
<xmax>797</xmax>
<ymax>476</ymax>
</bndbox>
</object>
<object>
<name>rock</name>
<pose>Unspecified</pose>
<truncated>0</truncated>
<difficult>0</difficult>
<bndbox>
<xmin>724</xmin>
<ymin>488</ymin>
<xmax>910</xmax>
<ymax>595</ymax>
</bndbox>
</object>
<object>
<name>rock</name>
<pose>Unspecified</pose>
<truncated>0</truncated>
<difficult>0</difficult>
<bndbox>
<xmin>829</xmin>
<ymin>608</ymin>
<xmax>964</xmax>
<ymax>658</ymax>
</bndbox>
</object>
<object>
<name>rock</name>
<pose>Unspecified</pose>
<truncated>0</truncated>
<difficult>0</difficult>
<bndbox>
<xmin>689</xmin>
<ymin>243</ymin>
<xmax>862</xmax>
<ymax>318</ymax>
</bndbox>
</object>
<object>
<name>rock</name>
<pose>Unspecified</pose>
<truncated>0</truncated>
<difficult>0</difficult>
<bndbox>
<xmin>814</xmin>
<ymin>136</ymin>
<xmax>968</xmax>
<ymax>232</ymax>
</bndbox>
</object>
<object>
<name>rock</name>
<pose>Unspecified</pose>
<truncated>0</truncated>
<difficult>0</difficult>
<bndbox>
<xmin>936</xmin>
<ymin>28</ymin>
<xmax>1072</xmax>
<ymax>131</ymax>
</bndbox>
</object>
<object>
<name>rock</name>
<pose>Unspecified</pose>
<truncated>0</truncated>
<difficult>0</difficult>
<bndbox>
<xmin>637</xmin>
<ymin>289</ymin>
<xmax>677</xmax>
<ymax>337</ymax>
</bndbox>
</object>
<object>
<name>rock</name>
<pose>Unspecified</pose>
<truncated>0</truncated>
<difficult>0</difficult>
<bndbox>
<xmin>646</xmin>
<ymin>482</ymin>
<xmax>709</xmax>
<ymax>531</ymax>
</bndbox>
</object>
<object>
<name>rock</name>
<pose>Unspecified</pose>
<truncated>0</truncated>
<difficult>0</difficult>
<bndbox>
<xmin>759</xmin>
<ymin>191</ymin>
<xmax>806</xmax>
<ymax>228</ymax>
</bndbox>
</object>
<object>
<name>rock</name>
<pose>Unspecified</pose>
<truncated>0</truncated>
<difficult>0</difficult>
<bndbox>
<xmin>876</xmin>
<ymin>83</ymin>
<xmax>924</xmax>
<ymax>120</ymax>
</bndbox>
</object>
<object>
<name>rock</name>
<pose>Unspecified</pose>
<truncated>0</truncated>
<difficult>0</difficult>
<bndbox>
<xmin>865</xmin>
<ymin>241</ymin>
<xmax>928</xmax>
<ymax>278</ymax>
</bndbox>
</object>
<object>
<name>rock</name>
<pose>Unspecified</pose>
<truncated>0</truncated>
<difficult>0</difficult>
<bndbox>
<xmin>916</xmin>
<ymin>555</ymin>
<xmax>964</xmax>
<ymax>593</ymax>
</bndbox>
</object>
</annotation>
