<?xml version="1.0" encoding="utf-8"?>
<annotation>
<folder>images</folder>
<filename>d88624c5-rock_70.jpg</filename>
<source>
<database>MyDatabase</database>
<annotation>COCO2017</annotation>
<image>flickr</image>
<flickrid>NULL</flickrid>
<annotator>1</annotator>
</source>
<owner>
<flickrid>NULL</flickrid>
<name>Label Studio</name>
</owner>
<size>
<width>1200</width>
<height>901</height>
<depth>3</depth>
</size>
<segmented>0</segmented>
<object>
<name>grass</name>
<pose>Unspecified</pose>
<truncated>0</truncated>
<difficult>0</difficult>
<bndbox>
<xmin>3</xmin>
<ymin>736</ymin>
<xmax>1180</xmax>
<ymax>888</ymax>
</bndbox>
</object>
<object>
<name>grass</name>
<pose>Unspecified</pose>
<truncated>0</truncated>
<difficult>0</difficult>
<bndbox>
<xmin>12</xmin>
<ymin>358</ymin>
<xmax>79</xmax>
<ymax>726</ymax>
</bndbox>
</object>
<object>
<name>grass</name>
<pose>Unspecified</pose>
<truncated>0</truncated>
<difficult>0</difficult>
<bndbox>
<xmin>99</xmin>
<ymin>609</ymin>
<xmax>168</xmax>
<ymax>721</ymax>
</bndbox>
</object>
<object>
<name>grass</name>
<pose>Unspecified</pose>
<truncated>0</truncated>
<difficult>0</difficult>
<bndbox>
<xmin>188</xmin>
<ymin>677</ymin>
<xmax>255</xmax>
<ymax>723</ymax>
</bndbox>
</object>
<object>
<name>grass</name>
<pose>Unspecified</pose>
<truncated>0</truncated>
<difficult>0</difficult>
<bndbox>
<xmin>973</xmin>
<ymin>677</ymin>
<xmax>1188</xmax>
<ymax>726</ymax>
</bndbox>
</object>
<object>
<name>grass</name>
<pose>Unspecified</pose>
<truncated>0</truncated>
<difficult>0</difficult>
<bndbox>
<xmin>1156</xmin>
<ymin>323</ymin>
<xmax>1186</xmax>
<ymax>675</ymax>
</bndbox>
</object>
<object>
<name>grass</name>
<pose>Unspecified</pose>
<truncated>0</truncated>
<difficult>0</difficult>
<bndbox>
<xmin>1072</xmin>
<ymin>609</ymin>
<xmax>1141</xmax>
<ymax>674</ymax>
</bndbox>
</object>
<object>
<name>rock</name>
<pose>Unspecified</pose>
<truncated>0</truncated>
<difficult>0</difficult>
<bndbox>
<xmin>246</xmin>
<ymin>307</ymin>
<xmax>1018</xmax>
<ymax>593</ymax>
</bndbox>
</object>
<object>
<name>rock</name>
<pose>Unspecified</pose>
<truncated>0</truncated>
<difficult>0</difficult>
<bndbox>
<xmin>279</xmin>
<ymin>604</ymin>
<xmax>951</xmax>
<ymax>655</ymax>
</bndbox>
</object>
<object>
<name>rock</name>
<pose>Unspecified</pose>
<truncated>0</truncated>
<difficult>0</difficult>
<bndbox>
<xmin>400</xmin>
<ymin>666</ymin>
<xmax>829</xmax>
<ymax>698</ymax>
</bndbox>
</object>
<object>
<name>rock</name>
<pose>Unspecified</pose>
<truncated>0</truncated>
<difficult>0</difficult>
<bndbox>
<xmin>141</xmin>
<ymin>371</ymin>
<xmax>239</xmax>
<ymax>554</ymax>
</bndbox>
</object>
<object>
<name>rock</name>
<pose>Unspecified</pose>
<truncated>0</truncated>
<difficult>0</difficult>
<bndbox>
<xmin>183</xmin>
<ymin>566</ymin>
<xmax>239</xmax>
<ymax>612</ymax>
</bndbox>
</object>
<object>
<name>rock</name>
<pose>Unspecified</pose>
<truncated>0</truncated>
<difficult>0</difficult>
<bndbox>
<xmin>378</xmin>
<ymin>254</ymin>
<xmax>852</xmax>
<ymax>295</ymax>
</bndbox>
</object>
<object>
<name>rock</name>
<pose>Unspecified</pose>
<truncated>0</truncated>
<difficult>0</difficult>
<bndbox>
<xmin>532</xmin>
<ymin>233</ymin>
<xmax>716</xmax>
<ymax>247</ymax>
</bndbox>
</object>
<object>
<name>rock</name>
<pose>Unspecified</pose>
<truncated>0</truncated>
<difficult>0</difficult>
<bndbox>
<xmin>1029</xmin>
<ymin>345</ymin>
<xmax>1086</xmax>
<ymax>575</ymax>
</bndbox>
</object>
<object>
<name>rock</name>
<pose>Unspecified</pose>
<truncated>0</truncated>
<difficult>0</difficult>
<bndbox>
<xmin>965</xmin>
<ymin>596</ymin>
<xmax>1026</xmax>
<ymax>633</ymax>
</bndbox>
</object>
<object>
<name>rock</name>
<pose>Unspecified</pose>
<truncated>0</truncated>
<difficult>0</difficult>
<bndbox>
<xmin>1092</xmin>
<ymin>402</ymin>
<xmax>1130</xmax>
<ymax>535</ymax>
</bndbox>
</object>
<object>
<name>rock</name>
<pose>Unspecified</pose>
<truncated>0</truncated>
<difficult>0</difficult>
<bndbox>
<xmin>302</xmin>
<ymin>278</ymin>
<xmax>361</xmax>
<ymax>300</ymax>
</bndbox>
</object>
<object>
<name>rock</name>
<pose>Unspecified</pose>
<truncated>0</truncated>
<difficult>0</difficult>
<bndbox>
<xmin>868</xmin>
<ymin>271</ymin>
<xmax>924</xmax>
<ymax>296</ymax>
</bndbox>
</object>
<object>
<name>tree root</name>
<pose>Unspecified</pose>
<truncated>0</truncated>
<difficult>0</difficult>
<bndbox>
<xmin>979</xmin>
<ymin>175</ymin>
<xmax>991</xmax>
<ymax>253</ymax>
</bndbox>
</object>
<object>
<name>tree root</name>
<pose>Unspecified</pose>
<truncated>0</truncated>
<difficult>0</difficult>
<bndbox>
<xmin>3</xmin>
<ymin>104</ymin>
<xmax>41</xmax>
<ymax>215</ymax>
</bndbox>
</object>
<object>
<name>tree root</name>
<pose>Unspecified</pose>
<truncated>0</truncated>
<difficult>0</difficult>
<bndbox>
<xmin>577</xmin>
<ymin>85</ymin>
<xmax>626</xmax>
<ymax>131</ymax>
</bndbox>
</object>
<object>
<name>tree root</name>
<pose>Unspecified</pose>
<truncated>0</truncated>
<difficult>0</difficult>
<bndbox>
<xmin>598</xmin>
<ymin>136</ymin>
<xmax>634</xmax>
<ymax>168</ymax>
</bndbox>
</object>
<object>
<name>tree root</name>
<pose>Unspecified</pose>
<truncated>0</truncated>
<difficult>0</difficult>
<bndbox>
<xmin>328</xmin>
<ymin>72</ymin>
<xmax>352</xmax>
<ymax>125</ymax>
</bndbox>
</object>
<object>
<name>tree root</name>
<pose>Unspecified</pose>
<truncated>0</truncated>
<difficult>0</difficult>
<bndbox>
<xmin>398</xmin>
<ymin>33</ymin>
<xmax>446</xmax>
<ymax>60</ymax>
</bndbox>
</object>
<object>
<name>tree root</name>
<pose>Unspecified</pose>
<truncated>0</truncated>
<difficult>0</difficult>
<bndbox>
<xmin>85</xmin>
<ymin>51</ymin>
<xmax>157</xmax>
<ymax>96</ymax>
</bndbox>
</object>
<object>
<name>tree root</name>
<pose>Unspecified</pose>
<truncated>0</truncated>
<difficult>0</difficult>
<bndbox>
<xmin>159</xmin>
<ymin>33</ymin>
<xmax>184</xmax>
<ymax>58</ymax>
</bndbox>
</object>
<object>
<name>tree root</name>
<pose>Unspecified</pose>
<truncated>0</truncated>
<difficult>0</difficult>
<bndbox>
<xmin>212</xmin>
<ymin>194</ymin>
<xmax>224</xmax>
<ymax>224</ymax>
</bndbox>
</object>
<object>
<name>dirt</name>
<pose>Unspecified</pose>
<truncated>0</truncated>
<difficult>0</difficult>
<bndbox>
<xmin>96</xmin>
<ymin>296</ymin>
<xmax>184</xmax>
<ymax>328</ymax>
</bndbox>
</object>
<object>
<name>dirt</name>
<pose>Unspecified</pose>
<truncated>0</truncated>
<difficult>0</difficult>
<bndbox>
<xmin>201</xmin>
<ymin>276</ymin>
<xmax>229</xmax>
<ymax>301</ymax>
</bndbox>
</object>
<object>
<name>dirt</name>
<pose>Unspecified</pose>
<truncated>0</truncated>
<difficult>0</difficult>
<bndbox>
<xmin>398</xmin>
<ymin>204</ymin>
<xmax>821</xmax>
<ymax>218</ymax>
</bndbox>
</object>
<object>
<name>dirt</name>
<pose>Unspecified</pose>
<truncated>0</truncated>
<difficult>0</difficult>
<bndbox>
<xmin>881</xmin>
<ymin>226</ymin>
<xmax>942</xmax>
<ymax>248</ymax>
</bndbox>
</object>
<object>
<name>dirt</name>
<pose>Unspecified</pose>
<truncated>0</truncated>
<difficult>0</difficult>
<bndbox>
<xmin>997</xmin>
<ymin>260</ymin>
<xmax>1125</xmax>
<ymax>292</ymax>
</bndbox>
</object>
</annotation>
