<?xml version="1.0" encoding="utf-8"?>
<annotation>
<folder>images</folder>
<filename>e42363b4-rock_57.jpg</filename>
<source>
<database>MyDatabase</database>
<annotation>COCO2017</annotation>
<image>flickr</image>
<flickrid>NULL</flickrid>
<annotator>1</annotator>
</source>
<owner>
<flickrid>NULL</flickrid>
<name>Label Studio</name>
</owner>
<size>
<width>2560</width>
<height>1920</height>
<depth>3</depth>
</size>
<segmented>0</segmented>
<object>
<name>rock</name>
<pose>Unspecified</pose>
<truncated>0</truncated>
<difficult>0</difficult>
<bndbox>
<xmin>788</xmin>
<ymin>1419</ymin>
<xmax>2100</xmax>
<ymax>1851</ymax>
</bndbox>
</object>
<object>
<name>rock</name>
<pose>Unspecified</pose>
<truncated>0</truncated>
<difficult>0</difficult>
<bndbox>
<xmin>2165</xmin>
<ymin>1614</ymin>
<xmax>2524</xmax>
<ymax>1854</ymax>
</bndbox>
</object>
<object>
<name>rock</name>
<pose>Unspecified</pose>
<truncated>0</truncated>
<difficult>0</difficult>
<bndbox>
<xmin>452</xmin>
<ymin>1450</ymin>
<xmax>767</xmax>
<ymax>1621</ymax>
</bndbox>
</object>
<object>
<name>rock</name>
<pose>Unspecified</pose>
<truncated>0</truncated>
<difficult>0</difficult>
<bndbox>
<xmin>616</xmin>
<ymin>1673</ymin>
<xmax>766</xmax>
<ymax>1799</ymax>
</bndbox>
</object>
<object>
<name>rock</name>
<pose>Unspecified</pose>
<truncated>0</truncated>
<difficult>0</difficult>
<bndbox>
<xmin>411</xmin>
<ymin>1045</ymin>
<xmax>596</xmax>
<ymax>1398</ymax>
</bndbox>
</object>
<object>
<name>rock</name>
<pose>Unspecified</pose>
<truncated>0</truncated>
<difficult>0</difficult>
<bndbox>
<xmin>1072</xmin>
<ymin>1066</ymin>
<xmax>2525</xmax>
<ymax>1306</ymax>
</bndbox>
</object>
<object>
<name>rock</name>
<pose>Unspecified</pose>
<truncated>0</truncated>
<difficult>0</difficult>
<bndbox>
<xmin>644</xmin>
<ymin>1011</ymin>
<xmax>1051</xmax>
<ymax>1124</ymax>
</bndbox>
</object>
<object>
<name>rock</name>
<pose>Unspecified</pose>
<truncated>0</truncated>
<difficult>0</difficult>
<bndbox>
<xmin>1041</xmin>
<ymin>870</ymin>
<xmax>1452</xmax>
<ymax>1024</ymax>
</bndbox>
</object>
<object>
<name>rock</name>
<pose>Unspecified</pose>
<truncated>0</truncated>
<difficult>0</difficult>
<bndbox>
<xmin>1624</xmin>
<ymin>843</ymin>
<xmax>2096</xmax>
<ymax>1024</ymax>
</bndbox>
</object>
<object>
<name>rock</name>
<pose>Unspecified</pose>
<truncated>0</truncated>
<difficult>0</difficult>
<bndbox>
<xmin>2141</xmin>
<ymin>648</ymin>
<xmax>2552</xmax>
<ymax>1049</ymax>
</bndbox>
</object>
<object>
<name>rock</name>
<pose>Unspecified</pose>
<truncated>0</truncated>
<difficult>0</difficult>
<bndbox>
<xmin>1089</xmin>
<ymin>1333</ymin>
<xmax>2055</xmax>
<ymax>1401</ymax>
</bndbox>
</object>
<object>
<name>rock</name>
<pose>Unspecified</pose>
<truncated>0</truncated>
<difficult>0</difficult>
<bndbox>
<xmin>1470</xmin>
<ymin>929</ymin>
<xmax>1610</xmax>
<ymax>1038</ymax>
</bndbox>
</object>
<object>
<name>rock</name>
<pose>Unspecified</pose>
<truncated>0</truncated>
<difficult>0</difficult>
<bndbox>
<xmin>952</xmin>
<ymin>867</ymin>
<xmax>1027</xmax>
<ymax>976</ymax>
</bndbox>
</object>
<object>
<name>grass</name>
<pose>Unspecified</pose>
<truncated>0</truncated>
<difficult>0</difficult>
<bndbox>
<xmin>41</xmin>
<ymin>517</ymin>
<xmax>781</xmax>
<ymax>798</ymax>
</bndbox>
</object>
<object>
<name>grass</name>
<pose>Unspecified</pose>
<truncated>0</truncated>
<difficult>0</difficult>
<bndbox>
<xmin>23</xmin>
<ymin>860</ymin>
<xmax>194</xmax>
<ymax>1868</ymax>
</bndbox>
</object>
<object>
<name>grass</name>
<pose>Unspecified</pose>
<truncated>0</truncated>
<difficult>0</difficult>
<bndbox>
<xmin>257</xmin>
<ymin>857</ymin>
<xmax>459</xmax>
<ymax>987</ymax>
</bndbox>
</object>
<object>
<name>grass</name>
<pose>Unspecified</pose>
<truncated>0</truncated>
<difficult>0</difficult>
<bndbox>
<xmin>222</xmin>
<ymin>1666</ymin>
<xmax>362</xmax>
<ymax>1882</ymax>
</bndbox>
</object>
<object>
<name>dirt</name>
<pose>Unspecified</pose>
<truncated>0</truncated>
<difficult>0</difficult>
<bndbox>
<xmin>1041</xmin>
<ymin>634</ymin>
<xmax>1239</xmax>
<ymax>812</ymax>
</bndbox>
</object>
<object>
<name>dirt</name>
<pose>Unspecified</pose>
<truncated>0</truncated>
<difficult>0</difficult>
<bndbox>
<xmin>969</xmin>
<ymin>569</ymin>
<xmax>1106</xmax>
<ymax>665</ymax>
</bndbox>
</object>
<object>
<name>dirt</name>
<pose>Unspecified</pose>
<truncated>0</truncated>
<difficult>0</difficult>
<bndbox>
<xmin>945</xmin>
<ymin>757</ymin>
<xmax>1003</xmax>
<ymax>801</ymax>
</bndbox>
</object>
<object>
<name>dirt</name>
<pose>Unspecified</pose>
<truncated>0</truncated>
<difficult>0</difficult>
<bndbox>
<xmin>1285</xmin>
<ymin>737</ymin>
<xmax>1394</xmax>
<ymax>822</ymax>
</bndbox>
</object>
<object>
<name>dirt</name>
<pose>Unspecified</pose>
<truncated>0</truncated>
<difficult>0</difficult>
<bndbox>
<xmin>1994</xmin>
<ymin>675</ymin>
<xmax>2069</xmax>
<ymax>777</ymax>
</bndbox>
</object>
<object>
<name>dirt</name>
<pose>Unspecified</pose>
<truncated>0</truncated>
<difficult>0</difficult>
<bndbox>
<xmin>1806</xmin>
<ymin>757</ymin>
<xmax>2001</xmax>
<ymax>798</ymax>
</bndbox>
</object>
<object>
<name>rock</name>
<pose>Unspecified</pose>
<truncated>0</truncated>
<difficult>0</difficult>
<bndbox>
<xmin>2066</xmin>
<ymin>610</ymin>
<xmax>2124</xmax>
<ymax>671</ymax>
</bndbox>
</object>
</annotation>
