<?xml version="1.0" encoding="utf-8"?>
<annotation>
<folder>images</folder>
<filename>f0830d0d-tree_1.jpg</filename>
<source>
<database>MyDatabase</database>
<annotation>COCO2017</annotation>
<image>flickr</image>
<flickrid>NULL</flickrid>
<annotator>1</annotator>
</source>
<owner>
<flickrid>NULL</flickrid>
<name>Label Studio</name>
</owner>
<size>
<width>2448</width>
<height>2448</height>
<depth>3</depth>
</size>
<segmented>0</segmented>
<object>
<name>grass</name>
<pose>Unspecified</pose>
<truncated>0</truncated>
<difficult>0</difficult>
<bndbox>
<xmin>30</xmin>
<ymin>1766</ymin>
<xmax>2412</xmax>
<ymax>2399</ymax>
</bndbox>
</object>
<object>
<name>grass</name>
<pose>Unspecified</pose>
<truncated>0</truncated>
<difficult>0</difficult>
<bndbox>
<xmin>69</xmin>
<ymin>1460</ymin>
<xmax>606</xmax>
<ymax>1722</ymax>
</bndbox>
</object>
<object>
<name>grass</name>
<pose>Unspecified</pose>
<truncated>0</truncated>
<difficult>0</difficult>
<bndbox>
<xmin>1927</xmin>
<ymin>1473</ymin>
<xmax>2158</xmax>
<ymax>1761</ymax>
</bndbox>
</object>
<object>
<name>grass</name>
<pose>Unspecified</pose>
<truncated>0</truncated>
<difficult>0</difficult>
<bndbox>
<xmin>2211</xmin>
<ymin>1525</ymin>
<xmax>2425</xmax>
<ymax>1734</ymax>
</bndbox>
</object>
<object>
<name>tree root</name>
<pose>Unspecified</pose>
<truncated>0</truncated>
<difficult>0</difficult>
<bndbox>
<xmin>979</xmin>
<ymin>1276</ymin>
<xmax>1424</xmax>
<ymax>1612</ymax>
</bndbox>
</object>
</annotation>
