<?xml version="1.0" encoding="utf-8"?>
<annotation>
<folder>images</folder>
<filename>f8ff6bbf-dirt_51.jpg</filename>
<source>
<database>MyDatabase</database>
<annotation>COCO2017</annotation>
<image>flickr</image>
<flickrid>NULL</flickrid>
<annotator>1</annotator>
</source>
<owner>
<flickrid>NULL</flickrid>
<name>Label Studio</name>
</owner>
<size>
<width>1525</width>
<height>2033</height>
<depth>3</depth>
</size>
<segmented>0</segmented>
<object>
<name>dirt</name>
<pose>Unspecified</pose>
<truncated>0</truncated>
<difficult>0</difficult>
<bndbox>
<xmin>29</xmin>
<ymin>972</ymin>
<xmax>726</xmax>
<ymax>2003</ymax>
</bndbox>
</object>
<object>
<name>dirt</name>
<pose>Unspecified</pose>
<truncated>0</truncated>
<difficult>0</difficult>
<bndbox>
<xmin>784</xmin>
<ymin>1172</ymin>
<xmax>1502</xmax>
<ymax>1778</ymax>
</bndbox>
</object>
<object>
<name>dirt</name>
<pose>Unspecified</pose>
<truncated>0</truncated>
<difficult>0</difficult>
<bndbox>
<xmin>820</xmin>
<ymin>1891</ymin>
<xmax>1480</xmax>
<ymax>1999</ymax>
</bndbox>
</object>
<object>
<name>dirt</name>
<pose>Unspecified</pose>
<truncated>0</truncated>
<difficult>0</difficult>
<bndbox>
<xmin>421</xmin>
<ymin>849</ymin>
<xmax>1499</xmax>
<ymax>968</ymax>
</bndbox>
</object>
<object>
<name>dirt</name>
<pose>Unspecified</pose>
<truncated>0</truncated>
<difficult>0</difficult>
<bndbox>
<xmin>1198</xmin>
<ymin>983</ymin>
<xmax>1517</xmax>
<ymax>1135</ymax>
</bndbox>
</object>
<object>
<name>dirt</name>
<pose>Unspecified</pose>
<truncated>0</truncated>
<difficult>0</difficult>
<bndbox>
<xmin>777</xmin>
<ymin>689</ymin>
<xmax>1488</xmax>
<ymax>819</ymax>
</bndbox>
</object>
<object>
<name>tree root</name>
<pose>Unspecified</pose>
<truncated>0</truncated>
<difficult>0</difficult>
<bndbox>
<xmin>994</xmin>
<ymin>559</ymin>
<xmax>1023</xmax>
<ymax>598</ymax>
</bndbox>
</object>
<object>
<name>dirt</name>
<pose>Unspecified</pose>
<truncated>0</truncated>
<difficult>0</difficult>
<bndbox>
<xmin>689</xmin>
<ymin>758</ymin>
<xmax>757</xmax>
<ymax>826</ymax>
</bndbox>
</object>
<object>
<name>dirt</name>
<pose>Unspecified</pose>
<truncated>0</truncated>
<difficult>0</difficult>
<bndbox>
<xmin>515</xmin>
<ymin>540</ymin>
<xmax>711</xmax>
<ymax>627</ymax>
</bndbox>
</object>
<object>
<name>dirt</name>
<pose>Unspecified</pose>
<truncated>0</truncated>
<difficult>0</difficult>
<bndbox>
<xmin>1310</xmin>
<ymin>511</ymin>
<xmax>1506</xmax>
<ymax>667</ymax>
</bndbox>
</object>
</annotation>
